species_A	chromosome_A	species_B	chromosome_B	mapping_type_A_to_B	mapping_type_B_to_A	bidirectional_mapping_type	count
Stichopus_monotuberculatus	chr8	Stichopus_chloronotus	CM037843.1	1:1	1:1	1:1	1181
Stichopus_monotuberculatus	chr3	Stichopus_chloronotus	CM037832.1	1:1	1:1	1:1	845
Stichopus_monotuberculatus	chr20	Stichopus_chloronotus	CM037830.1	1:1	1:1	1:1	905
Stichopus_monotuberculatus	chr15	Stichopus_chloronotus	CM037837.1	1:1	1:1	1:1	737
Stichopus_monotuberculatus	chr19	Stichopus_chloronotus	CM037829.1	1:1	1:1	1:1	802
Stichopus_monotuberculatus	chr5	Stichopus_chloronotus	CM037841.1	1:1	1:1	1:1	621
Stichopus_monotuberculatus	chr14	Stichopus_chloronotus	CM037834.1	1:1	1:1	1:1	606
Stichopus_monotuberculatus	chr4	Stichopus_chloronotus	CM037835.1	1:1	1:1	1:1	679
Stichopus_monotuberculatus	chr2	Stichopus_chloronotus	CM037839.1	1:1	1:1	1:1	625
Stichopus_monotuberculatus	chr21	Stichopus_chloronotus	CM037845.1	1:1	1:1	1:1	566
Stichopus_monotuberculatus	chr22	Stichopus_chloronotus	CM037838.1	1:1	1:1	1:1	575
Stichopus_monotuberculatus	chr13	Stichopus_chloronotus	CM037836.1	1:1	1:1	1:1	708
Stichopus_monotuberculatus	chr10	Stichopus_chloronotus	CM037831.1	1:1	2:1	1:n	594
Stichopus_monotuberculatus	chr18	Stichopus_chloronotus	CM037846.1	1:1	1:1	1:1	525
Stichopus_monotuberculatus	chr11	Stichopus_chloronotus	SFZH01000008.1	1:1	1:1	1:1	547
Stichopus_monotuberculatus	chr6	Stichopus_chloronotus	CM037844.1	1:1	1:1	1:1	504
Stichopus_monotuberculatus	chr17	Stichopus_chloronotus	CM037840.1	1:1	1:1	1:1	595
Stichopus_monotuberculatus	chr23	Stichopus_chloronotus	CM037848.1	1:1	1:1	1:1	323
Stichopus_monotuberculatus	chr9	Stichopus_chloronotus	CM037831.1	1:2	2:1	n:m	296
Stichopus_monotuberculatus	chr9	Stichopus_chloronotus	CM037849.1	1:2	1:1	n:1	258
Stichopus_monotuberculatus	chr7	Stichopus_chloronotus	CM037847.1	1:1	1:1	1:1	477
Stichopus_monotuberculatus	chr12	Stichopus_chloronotus	CM037842.1	1:1	1:1	1:1	492
Stichopus_monotuberculatus	chr1	Stichopus_chloronotus	CM037850.1	1:1	1:1	1:1	491
Stichopus_monotuberculatus	chr16	Stichopus_chloronotus	CM037833.1	1:1	1:1	1:1	609
Stichopus_monotuberculatus	chr8	Apostichopus_japonicus	Chr2	1:1	1:1	1:1	995
Stichopus_monotuberculatus	chr3	Apostichopus_japonicus	Chr9	1:1	1:1	1:1	739
Stichopus_monotuberculatus	chr20	Apostichopus_japonicus	Chr5	1:1	1:1	1:1	757
Stichopus_monotuberculatus	chr15	Apostichopus_japonicus	Chr11	1:1	1:1	1:1	649
Stichopus_monotuberculatus	chr19	Apostichopus_japonicus	Chr8	1:1	1:1	1:1	694
Stichopus_monotuberculatus	chr5	Apostichopus_japonicus	Chr17	1:1	1:1	1:1	574
Stichopus_monotuberculatus	chr14	Apostichopus_japonicus	Chr13	1:1	1:1	1:1	555
Stichopus_monotuberculatus	chr4	Apostichopus_japonicus	Chr10	1:1	1:1	1:1	612
Stichopus_monotuberculatus	chr2	Apostichopus_japonicus	Chr7	1:1	1:1	1:1	583
Stichopus_monotuberculatus	chr21	Apostichopus_japonicus	Chr19	1:1	1:1	1:1	503
Stichopus_monotuberculatus	chr22	Apostichopus_japonicus	Chr15	1:1	1:1	1:1	523
Stichopus_monotuberculatus	chr13	Apostichopus_japonicus	Chr16	1:1	1:1	1:1	617
Stichopus_monotuberculatus	chr10	Apostichopus_japonicus	Chr21	1:1	1:1	1:1	487
Stichopus_monotuberculatus	chr18	Apostichopus_japonicus	Chr20	1:1	1:1	1:1	433
Stichopus_monotuberculatus	chr11	Apostichopus_japonicus	Chr12	1:1	1:1	1:1	422
Stichopus_monotuberculatus	chr6	Apostichopus_japonicus	Chr22	1:1	1:1	1:1	417
Stichopus_monotuberculatus	chr17	Apostichopus_japonicus	Chr4	1:1	1:1	1:1	468
Stichopus_monotuberculatus	chr23	Apostichopus_japonicus	Chr23	1:1	1:1	1:1	336
Stichopus_monotuberculatus	chr9	Apostichopus_japonicus	Chr3	1:1	1:1	1:1	401
Stichopus_monotuberculatus	chr7	Apostichopus_japonicus	Chr14	1:1	1:1	1:1	345
Stichopus_monotuberculatus	chr12	Apostichopus_japonicus	Chr6	1:1	1:1	1:1	337
Stichopus_monotuberculatus	chr1	Apostichopus_japonicus	Chr18	1:1	1:1	1:1	365
Stichopus_monotuberculatus	chr16	Apostichopus_japonicus	Chr1	1:1	1:1	1:1	376
Stichopus_monotuberculatus	chr8	Holothuria_leucospilota	chr8	1:1	1:1	1:1	903
Stichopus_monotuberculatus	chr3	Holothuria_leucospilota	chr3	1:1	1:1	1:1	649
Stichopus_monotuberculatus	chr20	Holothuria_leucospilota	chr20	1:1	1:1	1:1	667
Stichopus_monotuberculatus	chr15	Holothuria_leucospilota	chr15	1:1	1:1	1:1	569
Stichopus_monotuberculatus	chr19	Holothuria_leucospilota	chr19	1:1	1:1	1:1	608
Stichopus_monotuberculatus	chr5	Holothuria_leucospilota	chr5	1:1	1:1	1:1	497
Stichopus_monotuberculatus	chr14	Holothuria_leucospilota	chr14	1:1	1:1	1:1	497
Stichopus_monotuberculatus	chr4	Holothuria_leucospilota	chr4	1:1	1:1	1:1	525
Stichopus_monotuberculatus	chr2	Holothuria_leucospilota	chr2	1:1	1:1	1:1	493
Stichopus_monotuberculatus	chr21	Holothuria_leucospilota	chr21	1:1	1:1	1:1	441
Stichopus_monotuberculatus	chr22	Holothuria_leucospilota	chr22	1:1	1:1	1:1	433
Stichopus_monotuberculatus	chr13	Holothuria_leucospilota	chr13	1:1	1:1	1:1	501
Stichopus_monotuberculatus	chr10	Holothuria_leucospilota	chr10	1:1	1:1	1:1	419
Stichopus_monotuberculatus	chr18	Holothuria_leucospilota	chr18	1:1	1:1	1:1	390
Stichopus_monotuberculatus	chr11	Holothuria_leucospilota	chr11	1:1	1:1	1:1	365
Stichopus_monotuberculatus	chr6	Holothuria_leucospilota	chr6	1:1	1:1	1:1	350
Stichopus_monotuberculatus	chr17	Holothuria_leucospilota	chr17	1:1	1:1	1:1	378
Stichopus_monotuberculatus	chr23	Holothuria_leucospilota	chr23	1:1	1:1	1:1	283
Stichopus_monotuberculatus	chr9	Holothuria_leucospilota	chr9	1:1	1:1	1:1	319
Stichopus_monotuberculatus	chr7	Holothuria_leucospilota	chr7	1:1	1:1	1:1	291
Stichopus_monotuberculatus	chr12	Holothuria_leucospilota	chr12	1:1	1:1	1:1	256
Stichopus_monotuberculatus	chr1	Holothuria_leucospilota	chr1	1:1	1:1	1:1	275
Stichopus_monotuberculatus	chr16	Holothuria_leucospilota	chr16	1:1	1:1	1:1	254
Stichopus_monotuberculatus	chr8	Holothuria_scabra	CM074180.1	1:1	1:1	1:1	991
Stichopus_monotuberculatus	chr3	Holothuria_scabra	CM074182.1	1:1	1:1	1:1	693
Stichopus_monotuberculatus	chr20	Holothuria_scabra	CM074181.1	1:1	1:1	1:1	697
Stichopus_monotuberculatus	chr15	Holothuria_scabra	CM074183.1	1:1	1:1	1:1	620
Stichopus_monotuberculatus	chr19	Holothuria_scabra	CM074184.1	1:1	1:1	1:1	652
Stichopus_monotuberculatus	chr5	Holothuria_scabra	CM074194.1	1:1	1:1	1:1	548
Stichopus_monotuberculatus	chr14	Holothuria_scabra	CM074192.1	1:1	1:1	1:1	524
Stichopus_monotuberculatus	chr4	Holothuria_scabra	CM074187.1	1:1	1:1	1:1	555
Stichopus_monotuberculatus	chr2	Holothuria_scabra	CM074186.1	1:1	1:1	1:1	537
Stichopus_monotuberculatus	chr21	Holothuria_scabra	CM074193.1	1:1	1:1	1:1	467
Stichopus_monotuberculatus	chr22	Holothuria_scabra	CM074185.1	1:1	1:1	1:1	483
Stichopus_monotuberculatus	chr13	Holothuria_scabra	CM074188.1	1:1	1:1	1:1	577
Stichopus_monotuberculatus	chr10	Holothuria_scabra	CM074190.1	1:1	1:1	1:1	459
Stichopus_monotuberculatus	chr18	Holothuria_scabra	CM074196.1	1:1	1:1	1:1	414
Stichopus_monotuberculatus	chr11	Holothuria_scabra	CM074195.1	1:1	1:1	1:1	398
Stichopus_monotuberculatus	chr6	Holothuria_scabra	CM074198.1	1:1	1:1	1:1	378
Stichopus_monotuberculatus	chr17	Holothuria_scabra	CM074199.1	1:1	1:1	1:1	410
Stichopus_monotuberculatus	chr23	Holothuria_scabra	CM074201.1	1:1	1:1	1:1	314
Stichopus_monotuberculatus	chr9	Holothuria_scabra	CM074191.1	1:1	1:1	1:1	363
Stichopus_monotuberculatus	chr7	Holothuria_scabra	CM074200.1	1:1	1:1	1:1	332
Stichopus_monotuberculatus	chr12	Holothuria_scabra	CM074189.1	1:1	1:1	1:1	282
Stichopus_monotuberculatus	chr1	Holothuria_scabra	CM074197.1	1:1	1:1	1:1	311
Stichopus_monotuberculatus	chr16	Holothuria_scabra	CM074179.1	1:1	1:1	1:1	292
Stichopus_monotuberculatus	chr8	Colochirus_anceps	chr8	1:1	1:1	1:1	761
Stichopus_monotuberculatus	chr3	Colochirus_anceps	chr3	1:1	1:1	1:1	531
Stichopus_monotuberculatus	chr20	Colochirus_anceps	chr20	1:1	1:1	1:1	547
Stichopus_monotuberculatus	chr15	Colochirus_anceps	chr15	1:1	1:1	1:1	460
Stichopus_monotuberculatus	chr19	Colochirus_anceps	chr19	1:1	1:1	1:1	494
Stichopus_monotuberculatus	chr5	Colochirus_anceps	chr5	1:1	1:1	1:1	427
Stichopus_monotuberculatus	chr14	Colochirus_anceps	chr14	1:1	1:1	1:1	409
Stichopus_monotuberculatus	chr4	Colochirus_anceps	chr4	1:1	1:1	1:1	409
Stichopus_monotuberculatus	chr2	Colochirus_anceps	chr2	1:1	1:1	1:1	384
Stichopus_monotuberculatus	chr21	Colochirus_anceps	chr21	1:1	1:1	1:1	365
Stichopus_monotuberculatus	chr22	Colochirus_anceps	chr22	1:1	1:1	1:1	371
Stichopus_monotuberculatus	chr13	Colochirus_anceps	chr13	1:1	1:1	1:1	439
Stichopus_monotuberculatus	chr10	Colochirus_anceps	chr10	1:1	1:1	1:1	350
Stichopus_monotuberculatus	chr18	Colochirus_anceps	chr18	1:1	1:1	1:1	320
Stichopus_monotuberculatus	chr11	Colochirus_anceps	chr11	1:1	1:1	1:1	292
Stichopus_monotuberculatus	chr6	Colochirus_anceps	chr6	1:1	1:1	1:1	294
Stichopus_monotuberculatus	chr17	Colochirus_anceps	chr17	1:1	1:1	1:1	320
Stichopus_monotuberculatus	chr23	Colochirus_anceps	chr23	1:1	1:1	1:1	249
Stichopus_monotuberculatus	chr9	Colochirus_anceps	chr9	1:1	1:1	1:1	274
Stichopus_monotuberculatus	chr7	Colochirus_anceps	chr7	1:1	1:1	1:1	235
Stichopus_monotuberculatus	chr12	Colochirus_anceps	chr12	1:1	1:1	1:1	211
Stichopus_monotuberculatus	chr1	Colochirus_anceps	chr1	1:1	1:1	1:1	225
Stichopus_monotuberculatus	chr16	Colochirus_anceps	chr16	1:1	1:1	1:1	206
Stichopus_monotuberculatus	chr8	Diadema_setosum	CM067059.1	1:1	1:1	1:1	736
Stichopus_monotuberculatus	chr3	Diadema_setosum	CM067066.1	1:1	1:1	1:1	506
Stichopus_monotuberculatus	chr20	Diadema_setosum	CM067060.1	1:1	1:1	1:1	494
Stichopus_monotuberculatus	chr15	Diadema_setosum	CM067062.1	1:1	1:1	1:1	468
Stichopus_monotuberculatus	chr19	Diadema_setosum	CM067064.1	1:1	1:1	1:1	463
Stichopus_monotuberculatus	chr5	Diadema_setosum	CM067073.1	1:1	1:1	1:1	415
Stichopus_monotuberculatus	chr14	Diadema_setosum	CM067068.1	1:1	1:1	1:1	388
Stichopus_monotuberculatus	chr4	Diadema_setosum	CM067067.1	1:1	1:1	1:1	406
Stichopus_monotuberculatus	chr2	Diadema_setosum	CM067072.1	1:1	1:1	1:1	360
Stichopus_monotuberculatus	chr21	Diadema_setosum	CM067076.1	1:1	1:1	1:1	345
Stichopus_monotuberculatus	chr22	Diadema_setosum	CM067069.1	1:1	1:1	1:1	355
Stichopus_monotuberculatus	chr13	Diadema_setosum	CM067063.1	1:1	1:1	1:1	412
Stichopus_monotuberculatus	chr10	Diadema_setosum	CM067079.1	1:1	1:1	1:1	311
Stichopus_monotuberculatus	chr18	Diadema_setosum	CM067075.1	1:1	1:1	1:1	285
Stichopus_monotuberculatus	chr11	Diadema_setosum	CM067077.1	1:1	1:1	1:1	277
Stichopus_monotuberculatus	chr6	Diadema_setosum	CM067061.1	1:1	2:1	1:n	256
Stichopus_monotuberculatus	chr17	Diadema_setosum	CM067074.1	1:1	1:1	1:1	249
Stichopus_monotuberculatus	chr23	Diadema_setosum	CM067080.1	1:1	1:1	1:1	200
Stichopus_monotuberculatus	chr9	Diadema_setosum	CM067078.1	1:1	1:1	1:1	229
Stichopus_monotuberculatus	chr7	Diadema_setosum	CM067071.1	1:1	1:1	1:1	198
Stichopus_monotuberculatus	chr12	Diadema_setosum	CM067070.1	1:1	1:1	1:1	186
Stichopus_monotuberculatus	chr1	Diadema_setosum	CM067061.1	1:1	2:1	1:n	176
Stichopus_monotuberculatus	chr16	Diadema_setosum	CM067065.1	1:1	1:1	1:1	165
Stichopus_monotuberculatus	chr8	Heliocidaris_tuberculata	CM046834.1	1:1	1:1	1:1	769
Stichopus_monotuberculatus	chr3	Heliocidaris_tuberculata	CM046845.1	1:1	1:1	1:1	515
Stichopus_monotuberculatus	chr20	Heliocidaris_tuberculata	CM046832.1	1:1	2:1	1:n	507
Stichopus_monotuberculatus	chr15	Heliocidaris_tuberculata	CM046840.1	1:1	1:1	1:1	488
Stichopus_monotuberculatus	chr19	Heliocidaris_tuberculata	CM046836.1	1:1	1:1	1:1	487
Stichopus_monotuberculatus	chr5	Heliocidaris_tuberculata	CM046847.1	1:1	1:1	1:1	430
Stichopus_monotuberculatus	chr14	Heliocidaris_tuberculata	CM046846.1	1:1	1:1	1:1	392
Stichopus_monotuberculatus	chr4	Heliocidaris_tuberculata	CM046832.1	1:1	2:1	1:n	421
Stichopus_monotuberculatus	chr2	Heliocidaris_tuberculata	CM046838.1	1:1	1:1	1:1	377
Stichopus_monotuberculatus	chr21	Heliocidaris_tuberculata	CM046837.1	1:1	1:1	1:1	361
Stichopus_monotuberculatus	chr22	Heliocidaris_tuberculata	CM046848.1	1:1	1:1	1:1	346
Stichopus_monotuberculatus	chr13	Heliocidaris_tuberculata	CM046839.1	1:1	1:1	1:1	439
Stichopus_monotuberculatus	chr10	Heliocidaris_tuberculata	CM046850.1	1:1	1:1	1:1	323
Stichopus_monotuberculatus	chr18	Heliocidaris_tuberculata	CM046849.1	1:1	1:1	1:1	292
Stichopus_monotuberculatus	chr11	Heliocidaris_tuberculata	CM046844.1	1:1	1:1	1:1	285
Stichopus_monotuberculatus	chr6	Heliocidaris_tuberculata	CM046851.1	1:1	1:1	1:1	277
Stichopus_monotuberculatus	chr17	Heliocidaris_tuberculata	CM046835.1	1:1	2:1	1:n	247
Stichopus_monotuberculatus	chr23	Heliocidaris_tuberculata	CM046835.1	1:1	2:1	1:n	215
Stichopus_monotuberculatus	chr9	Heliocidaris_tuberculata	CM046841.1	1:1	1:1	1:1	244
Stichopus_monotuberculatus	chr7	Heliocidaris_tuberculata	CM046843.1	1:1	1:1	1:1	213
Stichopus_monotuberculatus	chr12	Heliocidaris_tuberculata	CM046833.1	1:1	1:1	1:1	182
Stichopus_monotuberculatus	chr1	Heliocidaris_tuberculata	CM046852.1	1:1	1:1	1:1	195
Stichopus_monotuberculatus	chr16	Heliocidaris_tuberculata	CM046842.1	1:1	1:1	1:1	177
Stichopus_monotuberculatus	chr8	Heliocidaris_erythrogramma	CM046855.1	1:1	1:1	1:1	756
Stichopus_monotuberculatus	chr3	Heliocidaris_erythrogramma	CM046866.1	1:1	1:1	1:1	511
Stichopus_monotuberculatus	chr20	Heliocidaris_erythrogramma	CM046853.1	1:1	2:1	1:n	508
Stichopus_monotuberculatus	chr15	Heliocidaris_erythrogramma	CM046861.1	1:1	1:1	1:1	483
Stichopus_monotuberculatus	chr19	Heliocidaris_erythrogramma	CM046857.1	1:1	1:1	1:1	471
Stichopus_monotuberculatus	chr5	Heliocidaris_erythrogramma	CM046868.1	1:1	1:1	1:1	432
Stichopus_monotuberculatus	chr14	Heliocidaris_erythrogramma	CM046867.1	1:1	1:1	1:1	401
Stichopus_monotuberculatus	chr4	Heliocidaris_erythrogramma	CM046853.1	1:1	2:1	1:n	419
Stichopus_monotuberculatus	chr2	Heliocidaris_erythrogramma	CM046859.1	1:1	1:1	1:1	366
Stichopus_monotuberculatus	chr21	Heliocidaris_erythrogramma	CM046858.1	1:1	1:1	1:1	360
Stichopus_monotuberculatus	chr22	Heliocidaris_erythrogramma	CM046869.1	1:1	1:1	1:1	347
Stichopus_monotuberculatus	chr13	Heliocidaris_erythrogramma	CM046860.1	1:1	1:1	1:1	433
Stichopus_monotuberculatus	chr10	Heliocidaris_erythrogramma	CM046871.1	1:1	1:1	1:1	324
Stichopus_monotuberculatus	chr18	Heliocidaris_erythrogramma	CM046870.1	1:1	1:1	1:1	287
Stichopus_monotuberculatus	chr11	Heliocidaris_erythrogramma	CM046865.1	1:1	1:1	1:1	280
Stichopus_monotuberculatus	chr6	Heliocidaris_erythrogramma	CM046872.1	1:1	1:1	1:1	263
Stichopus_monotuberculatus	chr17	Heliocidaris_erythrogramma	CM046856.1	1:1	2:1	1:n	258
Stichopus_monotuberculatus	chr23	Heliocidaris_erythrogramma	CM046856.1	1:1	2:1	1:n	218
Stichopus_monotuberculatus	chr9	Heliocidaris_erythrogramma	CM046862.1	1:1	1:1	1:1	241
Stichopus_monotuberculatus	chr7	Heliocidaris_erythrogramma	CM046864.1	1:1	1:1	1:1	210
Stichopus_monotuberculatus	chr12	Heliocidaris_erythrogramma	CM046854.1	1:1	1:1	1:1	183
Stichopus_monotuberculatus	chr1	Heliocidaris_erythrogramma	CM046873.1	1:1	1:1	1:1	192
Stichopus_monotuberculatus	chr16	Heliocidaris_erythrogramma	CM046863.1	1:1	1:1	1:1	161
Stichopus_monotuberculatus	chr8	Ophiocomina_nigra	OZ221938.1	1:1	1:1	1:1	566
Stichopus_monotuberculatus	chr3	Ophiocomina_nigra	OZ221950.1	1:2	1:1	n:1	337
Stichopus_monotuberculatus	chr3	Ophiocomina_nigra	OZ221956.1	1:2	1:1	n:1	158
Stichopus_monotuberculatus	chr20	Ophiocomina_nigra	OZ221941.1	1:1	1:1	1:1	400
Stichopus_monotuberculatus	chr15	Ophiocomina_nigra	OZ221946.1	1:1	2:1	1:n	156
Stichopus_monotuberculatus	chr19	Ophiocomina_nigra	OZ221946.1	1:3	2:1	n:m	182
Stichopus_monotuberculatus	chr19	Ophiocomina_nigra	OZ221940.1	1:3	2:1	n:m	126
Stichopus_monotuberculatus	chr19	Ophiocomina_nigra	OZ221953.1	1:3	2:1	n:m	96
Stichopus_monotuberculatus	chr5	Ophiocomina_nigra	OZ221959.1	1:3	1:1	n:1	187
Stichopus_monotuberculatus	chr5	Ophiocomina_nigra	OZ221940.1	1:3	2:1	n:m	126
Stichopus_monotuberculatus	chr5	Ophiocomina_nigra	OZ221952.1	1:3	2:1	n:m	90
Stichopus_monotuberculatus	chr14	Ophiocomina_nigra	OZ221939.1	1:1	1:1	1:1	374
Stichopus_monotuberculatus	chr4	Ophiocomina_nigra	OZ221947.1	1:1	1:1	1:1	300
Stichopus_monotuberculatus	chr2	Ophiocomina_nigra	OZ221958.1	1:2	1:1	n:1	138
Stichopus_monotuberculatus	chr2	Ophiocomina_nigra	OZ221960.1	1:2	1:1	n:1	123
Stichopus_monotuberculatus	chr21	Ophiocomina_nigra	OZ221955.1	1:2	1:1	n:1	176
Stichopus_monotuberculatus	chr21	Ophiocomina_nigra	OZ221951.1	1:2	2:1	n:m	170
Stichopus_monotuberculatus	chr22	Ophiocomina_nigra	OZ221942.1	1:2	1:1	n:1	252
Stichopus_monotuberculatus	chr22	Ophiocomina_nigra	OZ221957.1	1:2	1:1	n:1	71
Stichopus_monotuberculatus	chr13	Ophiocomina_nigra	OZ221945.1	1:2	1:1	n:1	277
Stichopus_monotuberculatus	chr13	Ophiocomina_nigra	OZ221948.1	1:2	2:1	n:m	124
Stichopus_monotuberculatus	chr10	Ophiocomina_nigra	OZ221961.1	1:1	1:1	1:1	269
Stichopus_monotuberculatus	chr18	Ophiocomina_nigra	OZ221953.1	1:2	2:1	n:m	95
Stichopus_monotuberculatus	chr18	Ophiocomina_nigra	OZ221962.1	1:2	2:1	n:m	91
Stichopus_monotuberculatus	chr11	Ophiocomina_nigra	OZ221951.1	1:1	2:1	1:n	133
Stichopus_monotuberculatus	chr6	Ophiocomina_nigra	OZ221948.1	1:1	2:1	1:n	175
Stichopus_monotuberculatus	chr17	Ophiocomina_nigra	OZ221952.1	1:2	2:1	n:m	91
Stichopus_monotuberculatus	chr17	Ophiocomina_nigra	OZ221962.1	1:2	2:1	n:m	66
Stichopus_monotuberculatus	chr23	Ophiocomina_nigra	OZ221944.1	1:1	2:1	1:n	125
Stichopus_monotuberculatus	chr9	Ophiocomina_nigra	OZ221949.1	1:1	3:1	1:n	106
Stichopus_monotuberculatus	chr7	Ophiocomina_nigra	OZ221944.1	1:2	2:1	n:m	123
Stichopus_monotuberculatus	chr7	Ophiocomina_nigra	OZ221954.1	1:2	1:1	n:1	75
Stichopus_monotuberculatus	chr12	Ophiocomina_nigra	OZ221943.1	1:1	1:1	1:1	165
Stichopus_monotuberculatus	chr1	Ophiocomina_nigra	OZ221949.1	1:1	3:1	1:n	123
Stichopus_monotuberculatus	chr16	Ophiocomina_nigra	OZ221949.1	1:1	3:1	1:n	87
Stichopus_monotuberculatus	chr8	Ophioderma_longicauda	OZ222340.1	1:1	1:1	1:1	541
Stichopus_monotuberculatus	chr3	Ophioderma_longicauda	OZ222358.1	1:2	1:1	n:1	326
Stichopus_monotuberculatus	chr3	Ophioderma_longicauda	OZ222360.1	1:2	1:1	n:1	137
Stichopus_monotuberculatus	chr20	Ophioderma_longicauda	OZ222342.1	1:1	1:1	1:1	384
Stichopus_monotuberculatus	chr15	Ophioderma_longicauda	OZ222344.1	1:1	2:1	1:n	151
Stichopus_monotuberculatus	chr19	Ophioderma_longicauda	OZ222344.1	1:3	2:1	n:m	176
Stichopus_monotuberculatus	chr19	Ophioderma_longicauda	OZ222341.1	1:3	2:1	n:m	122
Stichopus_monotuberculatus	chr19	Ophioderma_longicauda	OZ222355.1	1:3	2:1	n:m	90
Stichopus_monotuberculatus	chr5	Ophioderma_longicauda	OZ222359.1	1:3	1:1	n:1	194
Stichopus_monotuberculatus	chr5	Ophioderma_longicauda	OZ222341.1	1:3	2:1	n:m	123
Stichopus_monotuberculatus	chr5	Ophioderma_longicauda	OZ222351.1	1:3	2:1	n:m	83
Stichopus_monotuberculatus	chr14	Ophioderma_longicauda	OZ222343.1	1:1	1:1	1:1	365
Stichopus_monotuberculatus	chr4	Ophioderma_longicauda	OZ222352.1	1:1	1:1	1:1	290
Stichopus_monotuberculatus	chr2	Ophioderma_longicauda	OZ222363.1	1:2	1:1	n:1	129
Stichopus_monotuberculatus	chr2	Ophioderma_longicauda	OZ222357.1	1:2	1:1	n:1	120
Stichopus_monotuberculatus	chr21	Ophioderma_longicauda	OZ222354.1	1:2	1:1	n:1	171
Stichopus_monotuberculatus	chr21	Ophioderma_longicauda	OZ222350.1	1:2	2:1	n:m	161
Stichopus_monotuberculatus	chr22	Ophioderma_longicauda	OZ222345.1	1:1	1:1	1:1	244
Stichopus_monotuberculatus	chr13	Ophioderma_longicauda	OZ222349.1	1:2	1:1	n:1	266
Stichopus_monotuberculatus	chr13	Ophioderma_longicauda	OZ222348.1	1:2	2:1	n:m	116
Stichopus_monotuberculatus	chr10	Ophioderma_longicauda	OZ222362.1	1:1	1:1	1:1	243
Stichopus_monotuberculatus	chr18	Ophioderma_longicauda	OZ222355.1	1:2	2:1	n:m	92
Stichopus_monotuberculatus	chr18	Ophioderma_longicauda	OZ222364.1	1:2	2:1	n:m	88
Stichopus_monotuberculatus	chr11	Ophioderma_longicauda	OZ222350.1	1:1	2:1	1:n	130
Stichopus_monotuberculatus	chr6	Ophioderma_longicauda	OZ222348.1	1:1	2:1	1:n	166
Stichopus_monotuberculatus	chr17	Ophioderma_longicauda	OZ222351.1	1:2	2:1	n:m	89
Stichopus_monotuberculatus	chr17	Ophioderma_longicauda	OZ222364.1	1:2	2:1	n:m	68
Stichopus_monotuberculatus	chr23	Ophioderma_longicauda	OZ222346.1	1:1	2:1	1:n	120
Stichopus_monotuberculatus	chr9	Ophioderma_longicauda	OZ222353.1	1:2	3:1	n:m	101
Stichopus_monotuberculatus	chr9	Ophioderma_longicauda	OZ222356.1	1:2	1:1	n:1	63
Stichopus_monotuberculatus	chr7	Ophioderma_longicauda	OZ222346.1	1:2	2:1	n:m	123
Stichopus_monotuberculatus	chr7	Ophioderma_longicauda	OZ222361.1	1:2	1:1	n:1	69
Stichopus_monotuberculatus	chr12	Ophioderma_longicauda	OZ222347.1	1:1	1:1	1:1	157
Stichopus_monotuberculatus	chr1	Ophioderma_longicauda	OZ222353.1	1:1	3:1	1:n	113
Stichopus_monotuberculatus	chr16	Ophioderma_longicauda	OZ222353.1	1:1	3:1	1:n	84
Stichopus_monotuberculatus	chr8	Mesocentrotus_franciscanus	MFR_chr-04	1:1	1:1	1:1	719
Stichopus_monotuberculatus	chr3	Mesocentrotus_franciscanus	MFR_chr-11	1:1	1:1	1:1	491
Stichopus_monotuberculatus	chr20	Mesocentrotus_franciscanus	MFR_chr-01	1:1	2:1	1:n	493
Stichopus_monotuberculatus	chr15	Mesocentrotus_franciscanus	MFR_chr-07	1:1	1:1	1:1	470
Stichopus_monotuberculatus	chr19	Mesocentrotus_franciscanus	MFR_chr-08	1:1	1:1	1:1	456
Stichopus_monotuberculatus	chr5	Mesocentrotus_franciscanus	MFR_chr-12	1:1	1:1	1:1	421
Stichopus_monotuberculatus	chr14	Mesocentrotus_franciscanus	MFR_chr-15	1:1	1:1	1:1	395
Stichopus_monotuberculatus	chr4	Mesocentrotus_franciscanus	MFR_chr-01	1:1	2:1	1:n	410
Stichopus_monotuberculatus	chr2	Mesocentrotus_franciscanus	MFR_chr-09	1:1	1:1	1:1	353
Stichopus_monotuberculatus	chr21	Mesocentrotus_franciscanus	MFR_chr-06	1:1	1:1	1:1	345
Stichopus_monotuberculatus	chr22	Mesocentrotus_franciscanus	MFR_chr-14	1:1	1:1	1:1	328
Stichopus_monotuberculatus	chr13	Mesocentrotus_franciscanus	MFR_chr-10	1:1	1:1	1:1	434
Stichopus_monotuberculatus	chr10	Mesocentrotus_franciscanus	MFR_chr-21	1:1	1:1	1:1	307
Stichopus_monotuberculatus	chr18	Mesocentrotus_franciscanus	MFR_chr-18	1:1	1:1	1:1	280
Stichopus_monotuberculatus	chr11	Mesocentrotus_franciscanus	MFR_chr-17	1:1	1:1	1:1	271
Stichopus_monotuberculatus	chr6	Mesocentrotus_franciscanus	MFR_chr-20	1:1	1:1	1:1	258
Stichopus_monotuberculatus	chr17	Mesocentrotus_franciscanus	MFR_chr-03	1:1	2:1	1:n	236
Stichopus_monotuberculatus	chr23	Mesocentrotus_franciscanus	MFR_chr-03	1:1	2:1	1:n	200
Stichopus_monotuberculatus	chr9	Mesocentrotus_franciscanus	MFR_chr-13	1:1	1:1	1:1	241
Stichopus_monotuberculatus	chr7	Mesocentrotus_franciscanus	MFR_chr-19	1:1	1:1	1:1	199
Stichopus_monotuberculatus	chr12	Mesocentrotus_franciscanus	MFR_chr-02	1:1	1:1	1:1	181
Stichopus_monotuberculatus	chr1	Mesocentrotus_franciscanus	MFR_chr-16	1:1	1:1	1:1	174
Stichopus_monotuberculatus	chr16	Mesocentrotus_franciscanus	MFR_chr-05	1:1	1:1	1:1	151
Stichopus_monotuberculatus	chr8	Echinometra_lucunter	CM057152.1	1:1	1:1	1:1	747
Stichopus_monotuberculatus	chr3	Echinometra_lucunter	CM057158.1	1:1	1:1	1:1	500
Stichopus_monotuberculatus	chr20	Echinometra_lucunter	CM057151.1	1:1	2:1	1:n	504
Stichopus_monotuberculatus	chr15	Echinometra_lucunter	CM057154.1	1:1	1:1	1:1	465
Stichopus_monotuberculatus	chr19	Echinometra_lucunter	CM057155.1	1:1	1:1	1:1	468
Stichopus_monotuberculatus	chr5	Echinometra_lucunter	CM057159.1	1:1	1:1	1:1	425
Stichopus_monotuberculatus	chr14	Echinometra_lucunter	CM057161.1	1:1	1:1	1:1	354
Stichopus_monotuberculatus	chr4	Echinometra_lucunter	CM057151.1	1:1	2:1	1:n	409
Stichopus_monotuberculatus	chr2	Echinometra_lucunter	CM057157.1	1:1	1:1	1:1	355
Stichopus_monotuberculatus	chr21	Echinometra_lucunter	CM057160.1	1:1	1:1	1:1	342
Stichopus_monotuberculatus	chr22	Echinometra_lucunter	CM057165.1	1:1	1:1	1:1	346
Stichopus_monotuberculatus	chr13	Echinometra_lucunter	CM057156.1	1:1	1:1	1:1	420
Stichopus_monotuberculatus	chr10	Echinometra_lucunter	CM057169.1	1:1	1:1	1:1	311
Stichopus_monotuberculatus	chr18	Echinometra_lucunter	CM057167.1	1:1	1:1	1:1	281
Stichopus_monotuberculatus	chr11	Echinometra_lucunter	CM057166.1	1:1	1:1	1:1	273
Stichopus_monotuberculatus	chr6	Echinometra_lucunter	CM057170.1	1:1	1:1	1:1	243
Stichopus_monotuberculatus	chr17	Echinometra_lucunter	CM057153.1	1:1	2:1	1:n	252
Stichopus_monotuberculatus	chr23	Echinometra_lucunter	CM057153.1	1:1	2:1	1:n	211
Stichopus_monotuberculatus	chr9	Echinometra_lucunter	CM057164.1	1:1	1:1	1:1	228
Stichopus_monotuberculatus	chr7	Echinometra_lucunter	CM057163.1	1:1	1:1	1:1	196
Stichopus_monotuberculatus	chr12	Echinometra_lucunter	CM057162.1	1:1	1:1	1:1	173
Stichopus_monotuberculatus	chr1	Echinometra_lucunter	CM057171.1	1:1	1:1	1:1	179
Stichopus_monotuberculatus	chr16	Echinometra_lucunter	CM057168.1	1:1	1:1	1:1	153
Stichopus_monotuberculatus	chr8	Ophiura_sarsii	CM069441.1	1:1	1:1	1:1	592
Stichopus_monotuberculatus	chr3	Ophiura_sarsii	CM069458.1	1:2	1:1	n:1	308
Stichopus_monotuberculatus	chr3	Ophiura_sarsii	CM069444.1	1:2	1:1	n:1	151
Stichopus_monotuberculatus	chr20	Ophiura_sarsii	CM069445.1	1:1	1:1	1:1	391
Stichopus_monotuberculatus	chr19	Ophiura_sarsii	CM069451.1	1:1	2:1	1:n	117
Stichopus_monotuberculatus	chr5	Ophiura_sarsii	CM069448.1	1:3	1:1	n:1	182
Stichopus_monotuberculatus	chr5	Ophiura_sarsii	CM069451.1	1:3	2:1	n:m	115
Stichopus_monotuberculatus	chr5	Ophiura_sarsii	CM069447.1	1:3	2:1	n:m	76
Stichopus_monotuberculatus	chr14	Ophiura_sarsii	CM069450.1	1:1	1:1	1:1	340
Stichopus_monotuberculatus	chr4	Ophiura_sarsii	CM069456.1	1:1	1:1	1:1	272
Stichopus_monotuberculatus	chr2	Ophiura_sarsii	CM069457.1	1:1	1:1	1:1	108
Stichopus_monotuberculatus	chr21	Ophiura_sarsii	CM069455.1	1:2	1:1	n:1	156
Stichopus_monotuberculatus	chr21	Ophiura_sarsii	CM069446.1	1:2	2:1	n:m	155
Stichopus_monotuberculatus	chr22	Ophiura_sarsii	CM069453.1	1:1	1:1	1:1	241
Stichopus_monotuberculatus	chr13	Ophiura_sarsii	CM069452.1	1:1	1:1	1:1	254
Stichopus_monotuberculatus	chr10	Ophiura_sarsii	CM069454.1	1:1	1:1	1:1	233
Stichopus_monotuberculatus	chr11	Ophiura_sarsii	CM069446.1	1:1	2:1	1:n	125
Stichopus_monotuberculatus	chr6	Ophiura_sarsii	CM069442.1	1:1	3:1	1:n	162
Stichopus_monotuberculatus	chr17	Ophiura_sarsii	CM069447.1	1:1	2:1	1:n	84
Stichopus_monotuberculatus	chr23	Ophiura_sarsii	CM069442.1	1:1	3:1	1:n	114
Stichopus_monotuberculatus	chr9	Ophiura_sarsii	CM069443.1	1:1	3:1	1:n	107
Stichopus_monotuberculatus	chr7	Ophiura_sarsii	CM069442.1	1:2	3:1	n:m	116
Stichopus_monotuberculatus	chr7	Ophiura_sarsii	CM069459.1	1:2	1:1	n:1	72
Stichopus_monotuberculatus	chr12	Ophiura_sarsii	CM069449.1	1:1	1:1	1:1	144
Stichopus_monotuberculatus	chr1	Ophiura_sarsii	CM069443.1	1:1	3:1	1:n	121
Stichopus_monotuberculatus	chr16	Ophiura_sarsii	CM069443.1	1:1	3:1	1:n	92
Stichopus_monotuberculatus	chr8	Marthasterias_glacialis	OU452219.1	1:1	1:1	1:1	766
Stichopus_monotuberculatus	chr3	Marthasterias_glacialis	OU452222.1	1:1	1:1	1:1	516
Stichopus_monotuberculatus	chr20	Marthasterias_glacialis	OU452221.1	1:1	1:1	1:1	516
Stichopus_monotuberculatus	chr15	Marthasterias_glacialis	OU452226.1	1:1	1:1	1:1	476
Stichopus_monotuberculatus	chr19	Marthasterias_glacialis	OU452227.1	1:1	1:1	1:1	475
Stichopus_monotuberculatus	chr5	Marthasterias_glacialis	OU452231.1	1:1	1:1	1:1	425
Stichopus_monotuberculatus	chr14	Marthasterias_glacialis	OU452228.1	1:1	1:1	1:1	409
Stichopus_monotuberculatus	chr4	Marthasterias_glacialis	OU452229.1	1:1	1:1	1:1	411
Stichopus_monotuberculatus	chr2	Marthasterias_glacialis	OU452225.1	1:1	1:1	1:1	375
Stichopus_monotuberculatus	chr21	Marthasterias_glacialis	OU452224.1	1:1	1:1	1:1	356
Stichopus_monotuberculatus	chr22	Marthasterias_glacialis	OU452236.1	1:1	1:1	1:1	357
Stichopus_monotuberculatus	chr13	Marthasterias_glacialis	OU452230.1	1:1	1:1	1:1	437
Stichopus_monotuberculatus	chr10	Marthasterias_glacialis	OU452233.1	1:1	1:1	1:1	314
Stichopus_monotuberculatus	chr18	Marthasterias_glacialis	OU452238.1	1:1	1:1	1:1	291
Stichopus_monotuberculatus	chr11	Marthasterias_glacialis	OU452235.1	1:1	1:1	1:1	265
Stichopus_monotuberculatus	chr6	Marthasterias_glacialis	OU452237.1	1:1	1:1	1:1	270
Stichopus_monotuberculatus	chr17	Marthasterias_glacialis	OU452232.1	1:1	1:1	1:1	263
Stichopus_monotuberculatus	chr23	Marthasterias_glacialis	OU452223.1	1:1	2:1	1:n	219
Stichopus_monotuberculatus	chr9	Marthasterias_glacialis	OU452234.1	1:1	1:1	1:1	249
Stichopus_monotuberculatus	chr7	Marthasterias_glacialis	OU452240.1	1:1	1:1	1:1	206
Stichopus_monotuberculatus	chr12	Marthasterias_glacialis	OU452239.1	1:1	1:1	1:1	190
Stichopus_monotuberculatus	chr1	Marthasterias_glacialis	OU452223.1	1:1	2:1	1:n	173
Stichopus_monotuberculatus	chr16	Marthasterias_glacialis	OU452220.1	1:1	1:1	1:1	164
Stichopus_monotuberculatus	chr8	Sphaerechinus_granularis	OZ210747.1	1:1	1:1	1:1	736
Stichopus_monotuberculatus	chr3	Sphaerechinus_granularis	OZ210744.1	1:1	2:1	1:n	511
Stichopus_monotuberculatus	chr20	Sphaerechinus_granularis	OZ210745.1	1:1	2:1	1:n	495
Stichopus_monotuberculatus	chr15	Sphaerechinus_granularis	OZ210744.1	1:1	2:1	1:n	467
Stichopus_monotuberculatus	chr19	Sphaerechinus_granularis	OZ210752.1	1:1	1:1	1:1	465
Stichopus_monotuberculatus	chr5	Sphaerechinus_granularis	OZ210755.1	1:1	1:1	1:1	439
Stichopus_monotuberculatus	chr14	Sphaerechinus_granularis	OZ210746.1	1:1	1:1	1:1	396
Stichopus_monotuberculatus	chr4	Sphaerechinus_granularis	OZ210745.1	1:1	2:1	1:n	410
Stichopus_monotuberculatus	chr2	Sphaerechinus_granularis	OZ210757.1	1:1	1:1	1:1	373
Stichopus_monotuberculatus	chr21	Sphaerechinus_granularis	OZ210751.1	1:1	1:1	1:1	361
Stichopus_monotuberculatus	chr22	Sphaerechinus_granularis	OZ210759.1	1:1	1:1	1:1	348
Stichopus_monotuberculatus	chr13	Sphaerechinus_granularis	OZ210749.1	1:1	1:1	1:1	442
Stichopus_monotuberculatus	chr10	Sphaerechinus_granularis	OZ210760.1	1:1	1:1	1:1	326
Stichopus_monotuberculatus	chr18	Sphaerechinus_granularis	OZ210756.1	1:1	1:1	1:1	287
Stichopus_monotuberculatus	chr11	Sphaerechinus_granularis	OZ210758.1	1:1	1:1	1:1	278
Stichopus_monotuberculatus	chr6	Sphaerechinus_granularis	OZ210761.1	1:1	1:1	1:1	272
Stichopus_monotuberculatus	chr17	Sphaerechinus_granularis	OZ210748.1	1:1	2:1	1:n	261
Stichopus_monotuberculatus	chr23	Sphaerechinus_granularis	OZ210748.1	1:1	2:1	1:n	201
Stichopus_monotuberculatus	chr9	Sphaerechinus_granularis	OZ210753.1	1:1	1:1	1:1	243
Stichopus_monotuberculatus	chr7	Sphaerechinus_granularis	OZ210762.1	1:1	1:1	1:1	201
Stichopus_monotuberculatus	chr12	Sphaerechinus_granularis	OZ210750.1	1:1	1:1	1:1	187
Stichopus_monotuberculatus	chr1	Sphaerechinus_granularis	OZ210763.1	1:1	1:1	1:1	181
Stichopus_monotuberculatus	chr16	Sphaerechinus_granularis	OZ210754.1	1:1	1:1	1:1	164
Stichopus_monotuberculatus	chr8	Arbacia_lixula	OZ022577.1	1:1	1:1	1:1	717
Stichopus_monotuberculatus	chr3	Arbacia_lixula	OZ022581.1	1:1	1:1	1:1	485
Stichopus_monotuberculatus	chr20	Arbacia_lixula	OZ022576.1	1:1	2:1	1:n	474
Stichopus_monotuberculatus	chr15	Arbacia_lixula	OZ022583.1	1:1	1:1	1:1	461
Stichopus_monotuberculatus	chr19	Arbacia_lixula	OZ022579.1	1:1	1:1	1:1	458
Stichopus_monotuberculatus	chr5	Arbacia_lixula	OZ022584.1	1:1	1:1	1:1	399
Stichopus_monotuberculatus	chr14	Arbacia_lixula	OZ022582.1	1:1	1:1	1:1	377
Stichopus_monotuberculatus	chr4	Arbacia_lixula	OZ022576.1	1:1	2:1	1:n	397
Stichopus_monotuberculatus	chr2	Arbacia_lixula	OZ022580.1	1:1	1:1	1:1	360
Stichopus_monotuberculatus	chr21	Arbacia_lixula	OZ022585.1	1:1	1:1	1:1	354
Stichopus_monotuberculatus	chr22	Arbacia_lixula	OZ022588.1	1:1	1:1	1:1	331
Stichopus_monotuberculatus	chr13	Arbacia_lixula	OZ022578.1	1:1	1:1	1:1	417
Stichopus_monotuberculatus	chr10	Arbacia_lixula	OZ022590.1	1:1	1:1	1:1	300
Stichopus_monotuberculatus	chr18	Arbacia_lixula	OZ022589.1	1:1	1:1	1:1	256
Stichopus_monotuberculatus	chr11	Arbacia_lixula	OZ022591.1	1:1	1:1	1:1	263
Stichopus_monotuberculatus	chr6	Arbacia_lixula	OZ022593.1	1:1	1:1	1:1	248
Stichopus_monotuberculatus	chr17	Arbacia_lixula	OZ022594.1	1:1	1:1	1:1	248
Stichopus_monotuberculatus	chr23	Arbacia_lixula	OZ022595.1	1:1	1:1	1:1	199
Stichopus_monotuberculatus	chr9	Arbacia_lixula	OZ022586.1	1:1	1:1	1:1	227
Stichopus_monotuberculatus	chr7	Arbacia_lixula	OZ022592.1	1:1	1:1	1:1	178
Stichopus_monotuberculatus	chr12	Arbacia_lixula	OZ022587.1	1:1	1:1	1:1	181
Stichopus_monotuberculatus	chr1	Arbacia_lixula	OZ022597.1	1:1	1:1	1:1	170
Stichopus_monotuberculatus	chr16	Arbacia_lixula	OZ022596.1	1:1	1:1	1:1	152
Stichopus_monotuberculatus	chr8	Patiria_pectinifera	CM057142.1	1:1	1:1	1:1	716
Stichopus_monotuberculatus	chr3	Patiria_pectinifera	CM057141.1	1:1	1:1	1:1	481
Stichopus_monotuberculatus	chr20	Patiria_pectinifera	CM057149.1	1:1	1:1	1:1	492
Stichopus_monotuberculatus	chr15	Patiria_pectinifera	CM057147.1	1:1	1:1	1:1	444
Stichopus_monotuberculatus	chr19	Patiria_pectinifera	CM057146.1	1:1	1:1	1:1	441
Stichopus_monotuberculatus	chr5	Patiria_pectinifera	CM057133.1	1:1	1:1	1:1	385
Stichopus_monotuberculatus	chr14	Patiria_pectinifera	CM057135.1	1:1	1:1	1:1	370
Stichopus_monotuberculatus	chr4	Patiria_pectinifera	CM057143.1	1:1	1:1	1:1	399
Stichopus_monotuberculatus	chr2	Patiria_pectinifera	CM057131.1	1:1	1:1	1:1	351
Stichopus_monotuberculatus	chr21	Patiria_pectinifera	CM057140.1	1:1	1:1	1:1	319
Stichopus_monotuberculatus	chr22	Patiria_pectinifera	CM057138.1	1:1	1:1	1:1	329
Stichopus_monotuberculatus	chr13	Patiria_pectinifera	CM057129.1	1:1	1:1	1:1	413
Stichopus_monotuberculatus	chr10	Patiria_pectinifera	CM057144.1	1:1	1:1	1:1	299
Stichopus_monotuberculatus	chr18	Patiria_pectinifera	CM057139.1	1:1	1:1	1:1	278
Stichopus_monotuberculatus	chr11	Patiria_pectinifera	CM057134.1	1:1	1:1	1:1	270
Stichopus_monotuberculatus	chr6	Patiria_pectinifera	CM057136.1	1:1	1:1	1:1	246
Stichopus_monotuberculatus	chr17	Patiria_pectinifera	CM057132.1	1:1	1:1	1:1	246
Stichopus_monotuberculatus	chr23	Patiria_pectinifera	CM057130.1	1:1	2:1	1:n	192
Stichopus_monotuberculatus	chr9	Patiria_pectinifera	CM057137.1	1:1	1:1	1:1	226
Stichopus_monotuberculatus	chr7	Patiria_pectinifera	CM057148.1	1:1	1:1	1:1	195
Stichopus_monotuberculatus	chr12	Patiria_pectinifera	CM057150.1	1:1	1:1	1:1	177
Stichopus_monotuberculatus	chr1	Patiria_pectinifera	CM057130.1	1:1	2:1	1:n	162
Stichopus_monotuberculatus	chr16	Patiria_pectinifera	CM057145.1	1:1	1:1	1:1	150
Stichopus_monotuberculatus	chr8	Pisaster_ochraceus	CM021526.1	1:1	1:1	1:1	711
Stichopus_monotuberculatus	chr3	Pisaster_ochraceus	CM021529.1	1:1	1:1	1:1	478
Stichopus_monotuberculatus	chr20	Pisaster_ochraceus	CM021527.1	1:1	1:1	1:1	489
Stichopus_monotuberculatus	chr15	Pisaster_ochraceus	CM021532.1	1:1	1:1	1:1	436
Stichopus_monotuberculatus	chr19	Pisaster_ochraceus	CM021528.1	1:1	1:1	1:1	436
Stichopus_monotuberculatus	chr5	Pisaster_ochraceus	CM021536.1	1:1	1:1	1:1	411
Stichopus_monotuberculatus	chr14	Pisaster_ochraceus	CM021530.1	1:1	1:1	1:1	369
Stichopus_monotuberculatus	chr4	Pisaster_ochraceus	CM021534.1	1:1	1:1	1:1	390
Stichopus_monotuberculatus	chr2	Pisaster_ochraceus	CM021538.1	1:1	1:1	1:1	347
Stichopus_monotuberculatus	chr21	Pisaster_ochraceus	CM021535.1	1:1	1:1	1:1	327
Stichopus_monotuberculatus	chr22	Pisaster_ochraceus	CM021540.1	1:1	1:1	1:1	315
Stichopus_monotuberculatus	chr13	Pisaster_ochraceus	CM021533.1	1:1	1:1	1:1	401
Stichopus_monotuberculatus	chr10	Pisaster_ochraceus	CM021541.1	1:1	1:1	1:1	301
Stichopus_monotuberculatus	chr18	Pisaster_ochraceus	CM021544.1	1:1	1:1	1:1	269
Stichopus_monotuberculatus	chr11	Pisaster_ochraceus	CM021543.1	1:1	1:1	1:1	254
Stichopus_monotuberculatus	chr6	Pisaster_ochraceus	CM021545.1	1:1	1:1	1:1	230
Stichopus_monotuberculatus	chr17	Pisaster_ochraceus	CM021539.1	1:1	1:1	1:1	225
Stichopus_monotuberculatus	chr23	Pisaster_ochraceus	CM021531.1	1:1	2:1	1:n	204
Stichopus_monotuberculatus	chr9	Pisaster_ochraceus	CM021542.1	1:1	1:1	1:1	227
Stichopus_monotuberculatus	chr7	Pisaster_ochraceus	CM021547.1	1:1	1:1	1:1	185
Stichopus_monotuberculatus	chr12	Pisaster_ochraceus	CM021546.1	1:1	1:1	1:1	168
Stichopus_monotuberculatus	chr1	Pisaster_ochraceus	CM021531.1	1:1	2:1	1:n	163
Stichopus_monotuberculatus	chr16	Pisaster_ochraceus	CM021537.1	1:1	1:1	1:1	130
Stichopus_monotuberculatus	chr8	Lytechinus_variegatus	NC_054746.1	1:1	1:1	1:1	754
Stichopus_monotuberculatus	chr3	Lytechinus_variegatus	NC_054741.1	1:1	2:1	1:n	522
Stichopus_monotuberculatus	chr20	Lytechinus_variegatus	NC_054742.1	1:1	2:1	1:n	512
Stichopus_monotuberculatus	chr15	Lytechinus_variegatus	NC_054741.1	1:1	2:1	1:n	488
Stichopus_monotuberculatus	chr19	Lytechinus_variegatus	NC_054749.1	1:1	1:1	1:1	483
Stichopus_monotuberculatus	chr5	Lytechinus_variegatus	NC_054751.1	1:1	1:1	1:1	438
Stichopus_monotuberculatus	chr14	Lytechinus_variegatus	NC_054740.1	1:1	3:1	1:n	406
Stichopus_monotuberculatus	chr4	Lytechinus_variegatus	NC_054742.1	1:1	2:1	1:n	423
Stichopus_monotuberculatus	chr2	Lytechinus_variegatus	NC_054750.1	1:1	1:1	1:1	369
Stichopus_monotuberculatus	chr21	Lytechinus_variegatus	NC_054743.1	1:1	1:1	1:1	369
Stichopus_monotuberculatus	chr22	Lytechinus_variegatus	NC_054754.1	1:1	1:1	1:1	354
Stichopus_monotuberculatus	chr13	Lytechinus_variegatus	NC_054744.1	1:1	1:1	1:1	444
Stichopus_monotuberculatus	chr10	Lytechinus_variegatus	NC_054755.1	1:1	1:1	1:1	321
Stichopus_monotuberculatus	chr18	Lytechinus_variegatus	NC_054752.1	1:1	1:1	1:1	297
Stichopus_monotuberculatus	chr11	Lytechinus_variegatus	NC_054753.1	1:1	1:1	1:1	293
Stichopus_monotuberculatus	chr6	Lytechinus_variegatus	NC_054757.1	1:1	1:1	1:1	276
Stichopus_monotuberculatus	chr17	Lytechinus_variegatus	NC_054740.1	1:1	3:1	1:n	265
Stichopus_monotuberculatus	chr23	Lytechinus_variegatus	NC_054740.1	1:1	3:1	1:n	211
Stichopus_monotuberculatus	chr9	Lytechinus_variegatus	NC_054756.1	1:1	1:1	1:1	251
Stichopus_monotuberculatus	chr7	Lytechinus_variegatus	NC_054748.1	1:1	1:1	1:1	213
Stichopus_monotuberculatus	chr12	Lytechinus_variegatus	NC_054747.1	1:1	1:1	1:1	192
Stichopus_monotuberculatus	chr1	Lytechinus_variegatus	NC_054758.1	1:1	1:1	1:1	193
Stichopus_monotuberculatus	chr16	Lytechinus_variegatus	NC_054745.1	1:1	1:1	1:1	173
Stichopus_monotuberculatus	chr8	Plazaster_borealis	HiC_scaffold_18	1:1	1:1	1:1	699
Stichopus_monotuberculatus	chr3	Plazaster_borealis	HiC_scaffold_6	1:1	1:1	1:1	473
Stichopus_monotuberculatus	chr20	Plazaster_borealis	HiC_scaffold_20	1:1	1:1	1:1	481
Stichopus_monotuberculatus	chr15	Plazaster_borealis	HiC_scaffold_19	1:1	1:1	1:1	452
Stichopus_monotuberculatus	chr19	Plazaster_borealis	HiC_scaffold_21	1:1	1:1	1:1	427
Stichopus_monotuberculatus	chr5	Plazaster_borealis	HiC_scaffold_4	1:1	1:1	1:1	387
Stichopus_monotuberculatus	chr14	Plazaster_borealis	HiC_scaffold_3	1:1	1:1	1:1	387
Stichopus_monotuberculatus	chr4	Plazaster_borealis	HiC_scaffold_9	1:1	1:1	1:1	379
Stichopus_monotuberculatus	chr2	Plazaster_borealis	HiC_scaffold_8	1:1	1:1	1:1	362
Stichopus_monotuberculatus	chr21	Plazaster_borealis	HiC_scaffold_22	1:1	1:1	1:1	338
Stichopus_monotuberculatus	chr22	Plazaster_borealis	HiC_scaffold_2	1:1	1:1	1:1	331
Stichopus_monotuberculatus	chr13	Plazaster_borealis	HiC_scaffold_5	1:1	1:1	1:1	377
Stichopus_monotuberculatus	chr10	Plazaster_borealis	HiC_scaffold_15	1:1	1:1	1:1	300
Stichopus_monotuberculatus	chr18	Plazaster_borealis	HiC_scaffold_13	1:1	1:1	1:1	278
Stichopus_monotuberculatus	chr11	Plazaster_borealis	HiC_scaffold_12	1:1	1:1	1:1	256
Stichopus_monotuberculatus	chr6	Plazaster_borealis	HiC_scaffold_14	1:1	1:1	1:1	244
Stichopus_monotuberculatus	chr17	Plazaster_borealis	HiC_scaffold_1	1:1	1:1	1:1	244
Stichopus_monotuberculatus	chr23	Plazaster_borealis	HiC_scaffold_17	1:1	2:1	1:n	206
Stichopus_monotuberculatus	chr9	Plazaster_borealis	HiC_scaffold_10	1:1	1:1	1:1	242
Stichopus_monotuberculatus	chr7	Plazaster_borealis	HiC_scaffold_11	1:1	1:1	1:1	196
Stichopus_monotuberculatus	chr12	Plazaster_borealis	HiC_scaffold_16	1:1	1:1	1:1	186
Stichopus_monotuberculatus	chr1	Plazaster_borealis	HiC_scaffold_17	1:1	2:1	1:n	170
Stichopus_monotuberculatus	chr16	Plazaster_borealis	HiC_scaffold_7	1:1	1:1	1:1	141
Stichopus_monotuberculatus	chr8	Pycnopodia_helianthoides	CM063243.1	1:1	1:1	1:1	732
Stichopus_monotuberculatus	chr3	Pycnopodia_helianthoides	CM063246.1	1:1	1:1	1:1	495
Stichopus_monotuberculatus	chr20	Pycnopodia_helianthoides	CM063244.1	1:1	1:1	1:1	503
Stichopus_monotuberculatus	chr15	Pycnopodia_helianthoides	CM063249.1	1:1	1:1	1:1	459
Stichopus_monotuberculatus	chr19	Pycnopodia_helianthoides	CM063245.1	1:1	1:1	1:1	465
Stichopus_monotuberculatus	chr5	Pycnopodia_helianthoides	CM063254.1	1:1	1:1	1:1	411
Stichopus_monotuberculatus	chr14	Pycnopodia_helianthoides	CM063248.1	1:1	1:1	1:1	391
Stichopus_monotuberculatus	chr4	Pycnopodia_helianthoides	CM063251.1	1:1	1:1	1:1	378
Stichopus_monotuberculatus	chr2	Pycnopodia_helianthoides	CM063253.1	1:1	1:1	1:1	372
Stichopus_monotuberculatus	chr21	Pycnopodia_helianthoides	CM063252.1	1:1	1:1	1:1	330
Stichopus_monotuberculatus	chr22	Pycnopodia_helianthoides	CM063258.1	1:1	1:1	1:1	331
Stichopus_monotuberculatus	chr13	Pycnopodia_helianthoides	CM063247.1	1:1	1:1	1:1	412
Stichopus_monotuberculatus	chr10	Pycnopodia_helianthoides	CM063259.1	1:1	1:1	1:1	312
Stichopus_monotuberculatus	chr18	Pycnopodia_helianthoides	CM063263.1	1:1	1:1	1:1	280
Stichopus_monotuberculatus	chr11	Pycnopodia_helianthoides	CM063260.1	1:1	1:1	1:1	261
Stichopus_monotuberculatus	chr6	Pycnopodia_helianthoides	CM063261.1	1:1	1:1	1:1	268
Stichopus_monotuberculatus	chr17	Pycnopodia_helianthoides	CM063255.1	1:1	1:1	1:1	262
Stichopus_monotuberculatus	chr23	Pycnopodia_helianthoides	CM063250.1	1:1	2:1	1:n	220
Stichopus_monotuberculatus	chr9	Pycnopodia_helianthoides	CM063256.1	1:1	1:1	1:1	237
Stichopus_monotuberculatus	chr7	Pycnopodia_helianthoides	CM063264.1	1:1	1:1	1:1	199
Stichopus_monotuberculatus	chr12	Pycnopodia_helianthoides	CM063262.1	1:1	1:1	1:1	178
Stichopus_monotuberculatus	chr1	Pycnopodia_helianthoides	CM063250.1	1:1	2:1	1:n	177
Stichopus_monotuberculatus	chr16	Pycnopodia_helianthoides	CM063257.1	1:1	1:1	1:1	160
Stichopus_monotuberculatus	chr8	Lytechinus_pictus	NC_087251.1	1:1	1:1	1:1	745
Stichopus_monotuberculatus	chr3	Lytechinus_pictus	NC_087246.1	1:1	2:1	1:n	511
Stichopus_monotuberculatus	chr20	Lytechinus_pictus	NC_087247.1	1:1	2:1	1:n	513
Stichopus_monotuberculatus	chr15	Lytechinus_pictus	NC_087246.1	1:1	2:1	1:n	487
Stichopus_monotuberculatus	chr19	Lytechinus_pictus	NC_087254.1	1:1	1:1	1:1	483
Stichopus_monotuberculatus	chr5	Lytechinus_pictus	NC_087256.1	1:1	1:1	1:1	420
Stichopus_monotuberculatus	chr14	Lytechinus_pictus	NC_087249.1	1:1	2:1	1:n	190
Stichopus_monotuberculatus	chr4	Lytechinus_pictus	NC_087247.1	1:1	2:1	1:n	419
Stichopus_monotuberculatus	chr2	Lytechinus_pictus	NC_087255.1	1:1	1:1	1:1	368
Stichopus_monotuberculatus	chr21	Lytechinus_pictus	NC_087248.1	1:1	1:1	1:1	353
Stichopus_monotuberculatus	chr22	Lytechinus_pictus	NC_087259.1	1:1	1:1	1:1	349
Stichopus_monotuberculatus	chr13	Lytechinus_pictus	NC_087249.1	1:1	2:1	1:n	408
Stichopus_monotuberculatus	chr10	Lytechinus_pictus	NC_087260.1	1:1	1:1	1:1	321
Stichopus_monotuberculatus	chr18	Lytechinus_pictus	NC_087257.1	1:1	1:1	1:1	287
Stichopus_monotuberculatus	chr11	Lytechinus_pictus	NC_087258.1	1:1	1:1	1:1	294
Stichopus_monotuberculatus	chr6	Lytechinus_pictus	NC_087262.1	1:1	1:1	1:1	269
Stichopus_monotuberculatus	chr17	Lytechinus_pictus	NC_087245.1	1:1	2:1	1:n	264
Stichopus_monotuberculatus	chr23	Lytechinus_pictus	NC_087245.1	1:1	2:1	1:n	211
Stichopus_monotuberculatus	chr9	Lytechinus_pictus	NC_087261.1	1:1	1:1	1:1	250
Stichopus_monotuberculatus	chr7	Lytechinus_pictus	NC_087253.1	1:1	1:1	1:1	205
Stichopus_monotuberculatus	chr12	Lytechinus_pictus	NC_087252.1	1:1	1:1	1:1	189
Stichopus_monotuberculatus	chr1	Lytechinus_pictus	NC_087263.1	1:1	1:1	1:1	133
Stichopus_monotuberculatus	chr16	Lytechinus_pictus	NC_087250.1	1:1	1:1	1:1	169
Stichopus_monotuberculatus	chr8	Astropecten_irregularis	OZ020245.1	1:1	1:1	1:1	755
Stichopus_monotuberculatus	chr3	Astropecten_irregularis	OZ020246.1	1:1	1:1	1:1	505
Stichopus_monotuberculatus	chr20	Astropecten_irregularis	OZ020244.1	1:1	1:1	1:1	502
Stichopus_monotuberculatus	chr15	Astropecten_irregularis	OZ020247.1	1:1	1:1	1:1	469
Stichopus_monotuberculatus	chr19	Astropecten_irregularis	OZ020248.1	1:1	1:1	1:1	467
Stichopus_monotuberculatus	chr5	Astropecten_irregularis	OZ020254.1	1:1	1:1	1:1	423
Stichopus_monotuberculatus	chr14	Astropecten_irregularis	OZ020256.1	1:1	1:1	1:1	401
Stichopus_monotuberculatus	chr4	Astropecten_irregularis	OZ020250.1	1:1	1:1	1:1	409
Stichopus_monotuberculatus	chr2	Astropecten_irregularis	OZ020253.1	1:1	1:1	1:1	381
Stichopus_monotuberculatus	chr21	Astropecten_irregularis	OZ020249.1	1:1	1:1	1:1	343
Stichopus_monotuberculatus	chr22	Astropecten_irregularis	OZ020260.1	1:1	1:1	1:1	350
Stichopus_monotuberculatus	chr13	Astropecten_irregularis	OZ020257.1	1:1	1:1	1:1	432
Stichopus_monotuberculatus	chr10	Astropecten_irregularis	OZ020262.1	1:1	1:1	1:1	302
Stichopus_monotuberculatus	chr18	Astropecten_irregularis	OZ020255.1	1:1	1:1	1:1	285
Stichopus_monotuberculatus	chr11	Astropecten_irregularis	OZ020264.1	1:1	1:1	1:1	263
Stichopus_monotuberculatus	chr6	Astropecten_irregularis	OZ020263.1	1:1	1:1	1:1	267
Stichopus_monotuberculatus	chr17	Astropecten_irregularis	OZ020259.1	1:1	1:1	1:1	259
Stichopus_monotuberculatus	chr23	Astropecten_irregularis	OZ020252.1	1:1	2:1	1:n	209
Stichopus_monotuberculatus	chr9	Astropecten_irregularis	OZ020258.1	1:1	1:1	1:1	246
Stichopus_monotuberculatus	chr7	Astropecten_irregularis	OZ020251.1	1:1	1:1	1:1	170
Stichopus_monotuberculatus	chr12	Astropecten_irregularis	OZ020261.1	1:1	1:1	1:1	169
Stichopus_monotuberculatus	chr1	Astropecten_irregularis	OZ020252.1	1:1	2:1	1:n	168
Stichopus_monotuberculatus	chr16	Astropecten_irregularis	OZ020265.1	1:1	1:1	1:1	150
Stichopus_monotuberculatus	chr8	Astrospartus_mediterraneus	OZ194953.1	1:1	1:1	1:1	477
Stichopus_monotuberculatus	chr3	Astrospartus_mediterraneus	OZ194964.1	1:2	1:1	n:1	285
Stichopus_monotuberculatus	chr3	Astrospartus_mediterraneus	OZ194972.1	1:2	1:1	n:1	118
Stichopus_monotuberculatus	chr20	Astrospartus_mediterraneus	OZ194956.1	1:1	1:1	1:1	338
Stichopus_monotuberculatus	chr15	Astrospartus_mediterraneus	OZ194963.1	1:1	2:1	1:n	126
Stichopus_monotuberculatus	chr19	Astrospartus_mediterraneus	OZ194963.1	1:1	2:1	1:n	151
Stichopus_monotuberculatus	chr5	Astrospartus_mediterraneus	OZ194952.1	1:2	1:1	n:1	263
Stichopus_monotuberculatus	chr5	Astrospartus_mediterraneus	OZ194969.1	1:2	2:1	n:m	80
Stichopus_monotuberculatus	chr14	Astrospartus_mediterraneus	OZ194957.1	1:1	1:1	1:1	323
Stichopus_monotuberculatus	chr4	Astrospartus_mediterraneus	OZ194960.1	1:1	1:1	1:1	238
Stichopus_monotuberculatus	chr2	Astrospartus_mediterraneus	OZ194974.1	1:2	1:1	n:1	115
Stichopus_monotuberculatus	chr2	Astrospartus_mediterraneus	OZ194971.1	1:2	1:1	n:1	100
Stichopus_monotuberculatus	chr21	Astrospartus_mediterraneus	OZ194959.1	1:2	2:1	n:m	145
Stichopus_monotuberculatus	chr21	Astrospartus_mediterraneus	OZ194968.1	1:2	1:1	n:1	143
Stichopus_monotuberculatus	chr22	Astrospartus_mediterraneus	OZ194958.1	1:1	1:1	1:1	198
Stichopus_monotuberculatus	chr13	Astrospartus_mediterraneus	OZ194955.1	1:2	1:1	n:1	223
Stichopus_monotuberculatus	chr13	Astrospartus_mediterraneus	OZ194962.1	1:2	2:1	n:m	105
Stichopus_monotuberculatus	chr10	Astrospartus_mediterraneus	OZ194967.1	1:1	1:1	1:1	209
Stichopus_monotuberculatus	chr18	Astrospartus_mediterraneus	OZ194970.1	1:1	1:1	1:1	76
Stichopus_monotuberculatus	chr11	Astrospartus_mediterraneus	OZ194959.1	1:1	2:1	1:n	126
Stichopus_monotuberculatus	chr6	Astrospartus_mediterraneus	OZ194962.1	1:1	2:1	1:n	151
Stichopus_monotuberculatus	chr17	Astrospartus_mediterraneus	OZ194969.1	1:1	2:1	1:n	79
Stichopus_monotuberculatus	chr23	Astrospartus_mediterraneus	OZ194965.1	1:1	2:1	1:n	109
Stichopus_monotuberculatus	chr9	Astrospartus_mediterraneus	OZ194961.1	1:1	3:1	1:n	87
Stichopus_monotuberculatus	chr7	Astrospartus_mediterraneus	OZ194965.1	1:1	2:1	1:n	101
Stichopus_monotuberculatus	chr12	Astrospartus_mediterraneus	OZ194966.1	1:1	1:1	1:1	128
Stichopus_monotuberculatus	chr1	Astrospartus_mediterraneus	OZ194961.1	1:1	3:1	1:n	88
Stichopus_monotuberculatus	chr16	Astrospartus_mediterraneus	OZ194961.1	1:1	3:1	1:n	79
Stichopus_monotuberculatus	chr8	Asterias_rubens	NC_047062.1	1:1	1:1	1:1	745
Stichopus_monotuberculatus	chr3	Asterias_rubens	NC_047065.1	1:1	1:1	1:1	501
Stichopus_monotuberculatus	chr20	Asterias_rubens	NC_047063.1	1:1	1:1	1:1	497
Stichopus_monotuberculatus	chr15	Asterias_rubens	NC_047066.1	1:1	1:1	1:1	475
Stichopus_monotuberculatus	chr19	Asterias_rubens	NC_047068.1	1:1	1:1	1:1	472
Stichopus_monotuberculatus	chr5	Asterias_rubens	NC_047070.1	1:1	1:1	1:1	424
Stichopus_monotuberculatus	chr14	Asterias_rubens	NC_047069.1	1:1	1:1	1:1	362
Stichopus_monotuberculatus	chr4	Asterias_rubens	NC_047064.1	1:1	1:1	1:1	410
Stichopus_monotuberculatus	chr2	Asterias_rubens	NC_047073.1	1:1	1:1	1:1	376
Stichopus_monotuberculatus	chr21	Asterias_rubens	NC_047072.1	1:1	1:1	1:1	358
Stichopus_monotuberculatus	chr22	Asterias_rubens	NC_047080.1	1:1	1:1	1:1	347
Stichopus_monotuberculatus	chr13	Asterias_rubens	NC_047071.1	1:1	1:1	1:1	425
Stichopus_monotuberculatus	chr10	Asterias_rubens	NC_047074.1	1:1	1:1	1:1	318
Stichopus_monotuberculatus	chr18	Asterias_rubens	NC_047076.1	1:1	1:1	1:1	281
Stichopus_monotuberculatus	chr11	Asterias_rubens	NC_047079.1	1:1	1:1	1:1	267
Stichopus_monotuberculatus	chr6	Asterias_rubens	NC_047081.1	1:1	1:1	1:1	268
Stichopus_monotuberculatus	chr17	Asterias_rubens	NC_047077.1	1:1	1:1	1:1	249
Stichopus_monotuberculatus	chr23	Asterias_rubens	NC_047067.1	1:1	2:1	1:n	217
Stichopus_monotuberculatus	chr9	Asterias_rubens	NC_047082.1	1:1	1:1	1:1	247
Stichopus_monotuberculatus	chr7	Asterias_rubens	NC_047083.1	1:1	1:1	1:1	207
Stichopus_monotuberculatus	chr12	Asterias_rubens	NC_047078.1	1:1	1:1	1:1	191
Stichopus_monotuberculatus	chr1	Asterias_rubens	NC_047067.1	1:1	2:1	1:n	181
Stichopus_monotuberculatus	chr16	Asterias_rubens	NC_047075.1	1:1	1:1	1:1	147
Stichopus_monotuberculatus	chr8	Asterias_amurensis	chr01	1:1	1:1	1:1	763
Stichopus_monotuberculatus	chr3	Asterias_amurensis	chr03	1:1	1:1	1:1	516
Stichopus_monotuberculatus	chr20	Asterias_amurensis	chr02	1:1	1:1	1:1	515
Stichopus_monotuberculatus	chr15	Asterias_amurensis	chr06	1:1	1:1	1:1	478
Stichopus_monotuberculatus	chr19	Asterias_amurensis	chr11	1:1	1:1	1:1	474
Stichopus_monotuberculatus	chr5	Asterias_amurensis	chr08	1:1	1:1	1:1	416
Stichopus_monotuberculatus	chr14	Asterias_amurensis	chr04	1:1	1:1	1:1	406
Stichopus_monotuberculatus	chr4	Asterias_amurensis	chr05	1:1	1:1	1:1	421
Stichopus_monotuberculatus	chr2	Asterias_amurensis	chr13	1:1	1:1	1:1	375
Stichopus_monotuberculatus	chr21	Asterias_amurensis	chr14	1:1	1:1	1:1	355
Stichopus_monotuberculatus	chr22	Asterias_amurensis	chr15	1:1	1:1	1:1	349
Stichopus_monotuberculatus	chr13	Asterias_amurensis	chr09	1:1	1:1	1:1	429
Stichopus_monotuberculatus	chr10	Asterias_amurensis	chr12	1:1	1:1	1:1	315
Stichopus_monotuberculatus	chr18	Asterias_amurensis	chr16	1:1	1:1	1:1	285
Stichopus_monotuberculatus	chr11	Asterias_amurensis	chr18	1:1	1:1	1:1	264
Stichopus_monotuberculatus	chr6	Asterias_amurensis	chr21	1:1	1:1	1:1	265
Stichopus_monotuberculatus	chr17	Asterias_amurensis	chr17	1:1	1:1	1:1	259
Stichopus_monotuberculatus	chr23	Asterias_amurensis	chr07	1:1	2:1	1:n	214
Stichopus_monotuberculatus	chr9	Asterias_amurensis	chr20	1:1	1:1	1:1	249
Stichopus_monotuberculatus	chr7	Asterias_amurensis	chr22	1:1	1:1	1:1	204
Stichopus_monotuberculatus	chr12	Asterias_amurensis	chr19	1:1	1:1	1:1	192
Stichopus_monotuberculatus	chr1	Asterias_amurensis	chr07	1:1	2:1	1:n	175
Stichopus_monotuberculatus	chr16	Asterias_amurensis	chr10	1:1	1:1	1:1	159
Stichopus_monotuberculatus	chr8	Asterina_phylactica	OZ171452.1	1:1	1:1	1:1	755
Stichopus_monotuberculatus	chr3	Asterina_phylactica	OZ171458.1	1:1	1:1	1:1	511
Stichopus_monotuberculatus	chr20	Asterina_phylactica	OZ171454.1	1:1	1:1	1:1	508
Stichopus_monotuberculatus	chr15	Asterina_phylactica	OZ171460.1	1:1	1:1	1:1	474
Stichopus_monotuberculatus	chr19	Asterina_phylactica	OZ171456.1	1:1	1:1	1:1	476
Stichopus_monotuberculatus	chr5	Asterina_phylactica	OZ171462.1	1:1	1:1	1:1	425
Stichopus_monotuberculatus	chr14	Asterina_phylactica	OZ171455.1	1:1	1:1	1:1	403
Stichopus_monotuberculatus	chr4	Asterina_phylactica	OZ171459.1	1:1	1:1	1:1	390
Stichopus_monotuberculatus	chr2	Asterina_phylactica	OZ171464.1	1:1	1:1	1:1	379
Stichopus_monotuberculatus	chr21	Asterina_phylactica	OZ171470.1	1:1	1:1	1:1	360
Stichopus_monotuberculatus	chr22	Asterina_phylactica	OZ171465.1	1:1	1:1	1:1	353
Stichopus_monotuberculatus	chr13	Asterina_phylactica	OZ171461.1	1:1	1:1	1:1	427
Stichopus_monotuberculatus	chr10	Asterina_phylactica	OZ171468.1	1:1	1:1	1:1	320
Stichopus_monotuberculatus	chr18	Asterina_phylactica	OZ171466.1	1:1	1:1	1:1	287
Stichopus_monotuberculatus	chr11	Asterina_phylactica	OZ171469.1	1:1	1:1	1:1	275
Stichopus_monotuberculatus	chr6	Asterina_phylactica	OZ171467.1	1:1	1:1	1:1	267
Stichopus_monotuberculatus	chr17	Asterina_phylactica	OZ171472.1	1:1	1:1	1:1	263
Stichopus_monotuberculatus	chr23	Asterina_phylactica	OZ171457.1	1:1	2:1	1:n	212
Stichopus_monotuberculatus	chr9	Asterina_phylactica	OZ171471.1	1:1	1:1	1:1	241
Stichopus_monotuberculatus	chr7	Asterina_phylactica	OZ171463.1	1:1	1:1	1:1	211
Stichopus_monotuberculatus	chr12	Asterina_phylactica	OZ171453.1	1:1	1:1	1:1	179
Stichopus_monotuberculatus	chr1	Asterina_phylactica	OZ171457.1	1:1	2:1	1:n	180
Stichopus_monotuberculatus	chr16	Asterina_phylactica	OZ171473.1	1:1	1:1	1:1	163
Stichopus_monotuberculatus	chr8	Echinaster_sepositus	OZ209000.1	1:1	1:1	1:1	646
Stichopus_monotuberculatus	chr3	Echinaster_sepositus	OZ209003.1	1:1	1:1	1:1	480
Stichopus_monotuberculatus	chr20	Echinaster_sepositus	OZ209001.1	1:1	1:1	1:1	482
Stichopus_monotuberculatus	chr15	Echinaster_sepositus	OZ209009.1	1:1	1:1	1:1	447
Stichopus_monotuberculatus	chr19	Echinaster_sepositus	OZ209005.1	1:1	1:1	1:1	459
Stichopus_monotuberculatus	chr5	Echinaster_sepositus	OZ209006.1	1:1	1:1	1:1	398
Stichopus_monotuberculatus	chr14	Echinaster_sepositus	OZ209008.1	1:1	1:1	1:1	372
Stichopus_monotuberculatus	chr4	Echinaster_sepositus	OZ209002.1	1:1	1:1	1:1	384
Stichopus_monotuberculatus	chr2	Echinaster_sepositus	OZ209015.1	1:1	1:1	1:1	366
Stichopus_monotuberculatus	chr21	Echinaster_sepositus	OZ209017.1	1:1	1:1	1:1	347
Stichopus_monotuberculatus	chr22	Echinaster_sepositus	OZ209018.1	1:1	1:1	1:1	338
Stichopus_monotuberculatus	chr13	Echinaster_sepositus	OZ209004.1	1:1	1:1	1:1	388
Stichopus_monotuberculatus	chr10	Echinaster_sepositus	OZ209012.1	1:1	1:1	1:1	306
Stichopus_monotuberculatus	chr18	Echinaster_sepositus	OZ209010.1	1:1	1:1	1:1	268
Stichopus_monotuberculatus	chr11	Echinaster_sepositus	OZ209011.1	1:1	1:1	1:1	252
Stichopus_monotuberculatus	chr6	Echinaster_sepositus	OZ209016.1	1:1	1:1	1:1	257
Stichopus_monotuberculatus	chr17	Echinaster_sepositus	OZ209014.1	1:1	1:1	1:1	247
Stichopus_monotuberculatus	chr23	Echinaster_sepositus	OZ209007.1	1:1	2:1	1:n	209
Stichopus_monotuberculatus	chr9	Echinaster_sepositus	OZ209020.1	1:1	1:1	1:1	226
Stichopus_monotuberculatus	chr7	Echinaster_sepositus	OZ209013.1	1:1	1:1	1:1	185
Stichopus_monotuberculatus	chr12	Echinaster_sepositus	OZ209019.1	1:1	1:1	1:1	172
Stichopus_monotuberculatus	chr1	Echinaster_sepositus	OZ209007.1	1:1	2:1	1:n	171
Stichopus_monotuberculatus	chr16	Echinaster_sepositus	OZ209021.1	1:1	1:1	1:1	163
Stichopus_monotuberculatus	chr8	Amphiura_filiformis	chr5	1:1	1:1	1:1	539
Stichopus_monotuberculatus	chr3	Amphiura_filiformis	chr16	1:2	1:1	n:1	325
Stichopus_monotuberculatus	chr3	Amphiura_filiformis	chr2	1:2	2:1	n:m	143
Stichopus_monotuberculatus	chr20	Amphiura_filiformis	chr3	1:1	2:1	1:n	387
Stichopus_monotuberculatus	chr15	Amphiura_filiformis	chr11	1:1	2:1	1:n	145
Stichopus_monotuberculatus	chr19	Amphiura_filiformis	chr4	1:2	3:1	n:m	135
Stichopus_monotuberculatus	chr19	Amphiura_filiformis	chr11	1:2	2:1	n:m	167
Stichopus_monotuberculatus	chr5	Amphiura_filiformis	chr3	1:2	2:1	n:m	174
Stichopus_monotuberculatus	chr5	Amphiura_filiformis	chr10	1:2	2:1	n:m	85
Stichopus_monotuberculatus	chr14	Amphiura_filiformis	chr9	1:1	1:1	1:1	348
Stichopus_monotuberculatus	chr4	Amphiura_filiformis	chr20	1:1	1:1	1:1	296
Stichopus_monotuberculatus	chr2	Amphiura_filiformis	chr2	1:2	2:1	n:m	119
Stichopus_monotuberculatus	chr2	Amphiura_filiformis	chr1	1:2	1:1	n:1	123
Stichopus_monotuberculatus	chr21	Amphiura_filiformis	chr19	1:2	1:1	n:1	169
Stichopus_monotuberculatus	chr21	Amphiura_filiformis	chr7	1:2	2:1	n:m	157
Stichopus_monotuberculatus	chr22	Amphiura_filiformis	chr17	1:2	1:1	n:1	240
Stichopus_monotuberculatus	chr22	Amphiura_filiformis	chr18	1:2	1:1	n:1	72
Stichopus_monotuberculatus	chr13	Amphiura_filiformis	chr8	1:2	1:1	n:1	257
Stichopus_monotuberculatus	chr13	Amphiura_filiformis	chr15	1:2	2:1	n:m	118
Stichopus_monotuberculatus	chr10	Amphiura_filiformis	chr6	1:1	3:1	1:n	251
Stichopus_monotuberculatus	chr18	Amphiura_filiformis	chr4	1:1	3:1	1:n	171
Stichopus_monotuberculatus	chr11	Amphiura_filiformis	chr7	1:1	2:1	1:n	138
Stichopus_monotuberculatus	chr6	Amphiura_filiformis	chr15	1:1	2:1	1:n	157
Stichopus_monotuberculatus	chr17	Amphiura_filiformis	chr4	1:2	3:1	n:m	102
Stichopus_monotuberculatus	chr17	Amphiura_filiformis	chr10	1:2	2:1	n:m	84
Stichopus_monotuberculatus	chr23	Amphiura_filiformis	chr6	1:1	3:1	1:n	122
Stichopus_monotuberculatus	chr9	Amphiura_filiformis	chr12	1:1	3:1	1:n	99
Stichopus_monotuberculatus	chr7	Amphiura_filiformis	chr6	1:2	3:1	n:m	113
Stichopus_monotuberculatus	chr7	Amphiura_filiformis	chr13	1:2	1:1	n:1	77
Stichopus_monotuberculatus	chr12	Amphiura_filiformis	chr14	1:1	1:1	1:1	156
Stichopus_monotuberculatus	chr1	Amphiura_filiformis	chr12	1:1	3:1	1:n	116
Stichopus_monotuberculatus	chr16	Amphiura_filiformis	chr12	1:1	3:1	1:n	88
Stichopus_monotuberculatus	chr8	Anseropoda_placenta	OZ222515.1	1:1	1:1	1:1	739
Stichopus_monotuberculatus	chr3	Anseropoda_placenta	OZ222523.1	1:1	1:1	1:1	502
Stichopus_monotuberculatus	chr20	Anseropoda_placenta	OZ222516.1	1:1	1:1	1:1	505
Stichopus_monotuberculatus	chr15	Anseropoda_placenta	OZ222521.1	1:1	1:1	1:1	448
Stichopus_monotuberculatus	chr19	Anseropoda_placenta	OZ222522.1	1:1	1:1	1:1	467
Stichopus_monotuberculatus	chr5	Anseropoda_placenta	OZ222526.1	1:1	1:1	1:1	411
Stichopus_monotuberculatus	chr14	Anseropoda_placenta	OZ222520.1	1:1	1:1	1:1	398
Stichopus_monotuberculatus	chr4	Anseropoda_placenta	OZ222517.1	1:1	1:1	1:1	403
Stichopus_monotuberculatus	chr2	Anseropoda_placenta	OZ222528.1	1:1	1:1	1:1	372
Stichopus_monotuberculatus	chr21	Anseropoda_placenta	OZ222532.1	1:1	1:1	1:1	346
Stichopus_monotuberculatus	chr22	Anseropoda_placenta	OZ222525.1	1:1	1:1	1:1	339
Stichopus_monotuberculatus	chr13	Anseropoda_placenta	OZ222519.1	1:1	1:1	1:1	423
Stichopus_monotuberculatus	chr10	Anseropoda_placenta	OZ222531.1	1:1	1:1	1:1	314
Stichopus_monotuberculatus	chr18	Anseropoda_placenta	OZ222530.1	1:1	1:1	1:1	285
Stichopus_monotuberculatus	chr11	Anseropoda_placenta	OZ222527.1	1:1	1:1	1:1	263
Stichopus_monotuberculatus	chr6	Anseropoda_placenta	OZ222529.1	1:1	1:1	1:1	262
Stichopus_monotuberculatus	chr17	Anseropoda_placenta	OZ222535.1	1:1	1:1	1:1	259
Stichopus_monotuberculatus	chr23	Anseropoda_placenta	OZ222518.1	1:1	2:1	1:n	208
Stichopus_monotuberculatus	chr9	Anseropoda_placenta	OZ222524.1	1:1	1:1	1:1	238
Stichopus_monotuberculatus	chr7	Anseropoda_placenta	OZ222534.1	1:1	1:1	1:1	207
Stichopus_monotuberculatus	chr12	Anseropoda_placenta	OZ222533.1	1:1	1:1	1:1	174
Stichopus_monotuberculatus	chr1	Anseropoda_placenta	OZ222518.1	1:1	2:1	1:n	177
Stichopus_monotuberculatus	chr16	Anseropoda_placenta	OZ222536.1	1:1	1:1	1:1	161
Stichopus_monotuberculatus	chr8	Luidia_sarsii	OX465101.1	1:1	1:1	1:1	729
Stichopus_monotuberculatus	chr3	Luidia_sarsii	OX465110.1	1:1	1:1	1:1	499
Stichopus_monotuberculatus	chr20	Luidia_sarsii	OX465103.1	1:1	1:1	1:1	511
Stichopus_monotuberculatus	chr15	Luidia_sarsii	OX465105.1	1:1	1:1	1:1	449
Stichopus_monotuberculatus	chr19	Luidia_sarsii	OX465104.1	1:1	1:1	1:1	464
Stichopus_monotuberculatus	chr5	Luidia_sarsii	OX465112.1	1:1	1:1	1:1	407
Stichopus_monotuberculatus	chr14	Luidia_sarsii	OX465102.1	1:1	1:1	1:1	341
Stichopus_monotuberculatus	chr4	Luidia_sarsii	OX465106.1	1:1	1:1	1:1	402
Stichopus_monotuberculatus	chr2	Luidia_sarsii	OX465113.1	1:1	1:1	1:1	359
Stichopus_monotuberculatus	chr21	Luidia_sarsii	OX465114.1	1:1	1:1	1:1	348
Stichopus_monotuberculatus	chr22	Luidia_sarsii	OX465111.1	1:1	1:1	1:1	336
Stichopus_monotuberculatus	chr13	Luidia_sarsii	OX465108.1	1:1	1:1	1:1	425
Stichopus_monotuberculatus	chr10	Luidia_sarsii	OX465116.1	1:1	1:1	1:1	308
Stichopus_monotuberculatus	chr18	Luidia_sarsii	OX465109.1	1:1	1:1	1:1	287
Stichopus_monotuberculatus	chr11	Luidia_sarsii	OX465115.1	1:1	1:1	1:1	265
Stichopus_monotuberculatus	chr6	Luidia_sarsii	OX465118.1	1:1	1:1	1:1	261
Stichopus_monotuberculatus	chr17	Luidia_sarsii	OX465121.1	1:1	1:1	1:1	262
Stichopus_monotuberculatus	chr23	Luidia_sarsii	OX465107.1	1:1	2:1	1:n	208
Stichopus_monotuberculatus	chr9	Luidia_sarsii	OX465119.1	1:1	1:1	1:1	233
Stichopus_monotuberculatus	chr7	Luidia_sarsii	OX465120.1	1:1	1:1	1:1	200
Stichopus_monotuberculatus	chr12	Luidia_sarsii	OX465117.1	1:1	1:1	1:1	173
Stichopus_monotuberculatus	chr1	Luidia_sarsii	OX465107.1	1:1	2:1	1:n	177
Stichopus_monotuberculatus	chr16	Luidia_sarsii	OX465122.1	1:1	1:1	1:1	157
Stichopus_monotuberculatus	chr8	Leptometra_celtica	OZ205781.1	1:1	1:1	1:1	697
Stichopus_monotuberculatus	chr3	Leptometra_celtica	OZ205776.1	1:1	2:1	1:n	486
Stichopus_monotuberculatus	chr20	Leptometra_celtica	OZ205782.1	1:1	1:1	1:1	457
Stichopus_monotuberculatus	chr15	Leptometra_celtica	OZ205778.1	1:1	2:1	1:n	431
Stichopus_monotuberculatus	chr19	Leptometra_celtica	OZ205772.1	1:1	3:1	1:n	418
Stichopus_monotuberculatus	chr5	Leptometra_celtica	OZ205775.1	1:1	2:1	1:n	397
Stichopus_monotuberculatus	chr14	Leptometra_celtica	OZ205774.1	1:1	2:1	1:n	372
Stichopus_monotuberculatus	chr4	Leptometra_celtica	OZ205773.1	1:1	3:1	1:n	384
Stichopus_monotuberculatus	chr2	Leptometra_celtica	OZ205779.1	1:1	2:1	1:n	349
Stichopus_monotuberculatus	chr21	Leptometra_celtica	OZ205777.1	1:1	3:1	1:n	322
Stichopus_monotuberculatus	chr22	Leptometra_celtica	OZ205775.1	1:1	2:1	1:n	310
Stichopus_monotuberculatus	chr13	Leptometra_celtica	OZ205780.1	1:1	2:1	1:n	393
Stichopus_monotuberculatus	chr10	Leptometra_celtica	OZ205774.1	1:1	2:1	1:n	279
Stichopus_monotuberculatus	chr18	Leptometra_celtica	OZ205772.1	1:1	3:1	1:n	269
Stichopus_monotuberculatus	chr11	Leptometra_celtica	OZ205778.1	1:1	2:1	1:n	266
Stichopus_monotuberculatus	chr6	Leptometra_celtica	OZ205779.1	1:1	2:1	1:n	237
Stichopus_monotuberculatus	chr17	Leptometra_celtica	OZ205772.1	1:1	3:1	1:n	239
Stichopus_monotuberculatus	chr23	Leptometra_celtica	OZ205773.1	1:1	3:1	1:n	186
Stichopus_monotuberculatus	chr9	Leptometra_celtica	OZ205780.1	1:1	2:1	1:n	226
Stichopus_monotuberculatus	chr7	Leptometra_celtica	OZ205777.1	1:1	3:1	1:n	181
Stichopus_monotuberculatus	chr12	Leptometra_celtica	OZ205776.1	1:1	2:1	1:n	177
Stichopus_monotuberculatus	chr1	Leptometra_celtica	OZ205773.1	1:1	3:1	1:n	178
Stichopus_monotuberculatus	chr16	Leptometra_celtica	OZ205777.1	1:1	3:1	1:n	158
Stichopus_monotuberculatus	chr8	Schizocardium_californicum	chr1	1:1	1:1	1:1	639
Stichopus_monotuberculatus	chr3	Schizocardium_californicum	chr13	1:1	1:1	1:1	401
Stichopus_monotuberculatus	chr20	Schizocardium_californicum	chr3	1:1	1:1	1:1	415
Stichopus_monotuberculatus	chr15	Schizocardium_californicum	chr6	1:1	1:1	1:1	396
Stichopus_monotuberculatus	chr19	Schizocardium_californicum	chr2	1:1	1:1	1:1	411
Stichopus_monotuberculatus	chr5	Schizocardium_californicum	chr7	1:1	1:1	1:1	347
Stichopus_monotuberculatus	chr14	Schizocardium_californicum	chr9	1:1	1:1	1:1	357
Stichopus_monotuberculatus	chr4	Schizocardium_californicum	chr11	1:2	1:1	n:1	224
Stichopus_monotuberculatus	chr4	Schizocardium_californicum	chr23	1:2	1:1	n:1	122
Stichopus_monotuberculatus	chr2	Schizocardium_californicum	chr8	1:1	1:1	1:1	324
Stichopus_monotuberculatus	chr21	Schizocardium_californicum	chr4	1:1	1:1	1:1	293
Stichopus_monotuberculatus	chr22	Schizocardium_californicum	chr17	1:1	1:1	1:1	290
Stichopus_monotuberculatus	chr13	Schizocardium_californicum	chr10	1:1	1:1	1:1	355
Stichopus_monotuberculatus	chr10	Schizocardium_californicum	chr20	1:1	1:1	1:1	245
Stichopus_monotuberculatus	chr18	Schizocardium_californicum	chr5	1:1	2:1	1:n	242
Stichopus_monotuberculatus	chr11	Schizocardium_californicum	chr22	1:1	1:1	1:1	242
Stichopus_monotuberculatus	chr6	Schizocardium_californicum	chr18	1:1	1:1	1:1	220
Stichopus_monotuberculatus	chr17	Schizocardium_californicum	chr15	1:1	1:1	1:1	216
Stichopus_monotuberculatus	chr23	Schizocardium_californicum	chr21	1:1	1:1	1:1	172
Stichopus_monotuberculatus	chr9	Schizocardium_californicum	chr12	1:1	1:1	1:1	183
Stichopus_monotuberculatus	chr7	Schizocardium_californicum	chr19	1:1	1:1	1:1	159
Stichopus_monotuberculatus	chr12	Schizocardium_californicum	chr14	1:1	1:1	1:1	127
Stichopus_monotuberculatus	chr1	Schizocardium_californicum	chr16	1:1	1:1	1:1	143
Stichopus_monotuberculatus	chr16	Schizocardium_californicum	chr5	1:1	2:1	1:n	119
Stichopus_monotuberculatus	chr8	Antedon_bifida	OY727101.1	1:1	1:1	1:1	690
Stichopus_monotuberculatus	chr3	Antedon_bifida	OY727100.1	1:1	2:1	1:n	481
Stichopus_monotuberculatus	chr20	Antedon_bifida	OY727103.1	1:1	1:1	1:1	472
Stichopus_monotuberculatus	chr15	Antedon_bifida	OY727094.1	1:1	2:1	1:n	442
Stichopus_monotuberculatus	chr19	Antedon_bifida	OY727096.1	1:1	3:1	1:n	428
Stichopus_monotuberculatus	chr5	Antedon_bifida	OY727095.1	1:1	2:1	1:n	395
Stichopus_monotuberculatus	chr14	Antedon_bifida	OY727097.1	1:1	2:1	1:n	374
Stichopus_monotuberculatus	chr4	Antedon_bifida	OY727093.1	1:1	3:1	1:n	373
Stichopus_monotuberculatus	chr2	Antedon_bifida	OY727098.1	1:1	2:1	1:n	350
Stichopus_monotuberculatus	chr21	Antedon_bifida	OY727099.1	1:1	3:1	1:n	329
Stichopus_monotuberculatus	chr22	Antedon_bifida	OY727095.1	1:1	2:1	1:n	316
Stichopus_monotuberculatus	chr13	Antedon_bifida	OY727102.1	1:1	2:1	1:n	297
Stichopus_monotuberculatus	chr10	Antedon_bifida	OY727097.1	1:1	2:1	1:n	282
Stichopus_monotuberculatus	chr18	Antedon_bifida	OY727096.1	1:1	3:1	1:n	267
Stichopus_monotuberculatus	chr11	Antedon_bifida	OY727094.1	1:1	2:1	1:n	265
Stichopus_monotuberculatus	chr6	Antedon_bifida	OY727098.1	1:1	2:1	1:n	241
Stichopus_monotuberculatus	chr17	Antedon_bifida	OY727096.1	1:1	3:1	1:n	232
Stichopus_monotuberculatus	chr23	Antedon_bifida	OY727093.1	1:1	3:1	1:n	191
Stichopus_monotuberculatus	chr9	Antedon_bifida	OY727102.1	1:1	2:1	1:n	191
Stichopus_monotuberculatus	chr7	Antedon_bifida	OY727099.1	1:1	3:1	1:n	186
Stichopus_monotuberculatus	chr12	Antedon_bifida	OY727100.1	1:1	2:1	1:n	173
Stichopus_monotuberculatus	chr1	Antedon_bifida	OY727093.1	1:1	3:1	1:n	172
Stichopus_monotuberculatus	chr16	Antedon_bifida	OY727099.1	1:1	3:1	1:n	153
Stichopus_monotuberculatus	chr8	Antedon_mediterranea	OZ206129.1	1:1	1:1	1:1	701
Stichopus_monotuberculatus	chr3	Antedon_mediterranea	OZ206127.1	1:1	2:1	1:n	489
Stichopus_monotuberculatus	chr20	Antedon_mediterranea	OZ206128.1	1:1	1:1	1:1	467
Stichopus_monotuberculatus	chr15	Antedon_mediterranea	OZ206122.1	1:1	2:1	1:n	445
Stichopus_monotuberculatus	chr19	Antedon_mediterranea	OZ206120.1	1:1	3:1	1:n	441
Stichopus_monotuberculatus	chr5	Antedon_mediterranea	OZ206123.1	1:1	2:1	1:n	392
Stichopus_monotuberculatus	chr14	Antedon_mediterranea	OZ206124.1	1:1	2:1	1:n	373
Stichopus_monotuberculatus	chr4	Antedon_mediterranea	OZ206121.1	1:1	3:1	1:n	378
Stichopus_monotuberculatus	chr2	Antedon_mediterranea	OZ206125.1	1:1	2:1	1:n	359
Stichopus_monotuberculatus	chr21	Antedon_mediterranea	OZ206126.1	1:1	3:1	1:n	341
Stichopus_monotuberculatus	chr22	Antedon_mediterranea	OZ206123.1	1:1	2:1	1:n	317
Stichopus_monotuberculatus	chr13	Antedon_mediterranea	OZ206130.1	1:1	2:1	1:n	297
Stichopus_monotuberculatus	chr10	Antedon_mediterranea	OZ206124.1	1:1	2:1	1:n	289
Stichopus_monotuberculatus	chr18	Antedon_mediterranea	OZ206120.1	1:1	3:1	1:n	271
Stichopus_monotuberculatus	chr11	Antedon_mediterranea	OZ206122.1	1:1	2:1	1:n	273
Stichopus_monotuberculatus	chr6	Antedon_mediterranea	OZ206125.1	1:1	2:1	1:n	238
Stichopus_monotuberculatus	chr17	Antedon_mediterranea	OZ206120.1	1:1	3:1	1:n	240
Stichopus_monotuberculatus	chr23	Antedon_mediterranea	OZ206121.1	1:1	3:1	1:n	194
Stichopus_monotuberculatus	chr9	Antedon_mediterranea	OZ206130.1	1:1	2:1	1:n	194
Stichopus_monotuberculatus	chr7	Antedon_mediterranea	OZ206126.1	1:1	3:1	1:n	192
Stichopus_monotuberculatus	chr12	Antedon_mediterranea	OZ206127.1	1:1	2:1	1:n	172
Stichopus_monotuberculatus	chr1	Antedon_mediterranea	OZ206121.1	1:1	3:1	1:n	182
Stichopus_monotuberculatus	chr16	Antedon_mediterranea	OZ206126.1	1:1	3:1	1:n	159
Stichopus_monotuberculatus	chr8	Branchiostoma_floridae	NC_049979.1	1:1	1:1	1:1	568
Stichopus_monotuberculatus	chr3	Branchiostoma_floridae	NC_049984.1	1:1	1:1	1:1	397
Stichopus_monotuberculatus	chr20	Branchiostoma_floridae	NC_049983.1	1:1	1:1	1:1	358
Stichopus_monotuberculatus	chr15	Branchiostoma_floridae	NC_049989.1	1:1	1:1	1:1	315
Stichopus_monotuberculatus	chr19	Branchiostoma_floridae	NC_049991.1	1:1	1:1	1:1	345
Stichopus_monotuberculatus	chr5	Branchiostoma_floridae	NC_049982.1	1:1	2:1	1:n	300
Stichopus_monotuberculatus	chr14	Branchiostoma_floridae	NC_049985.1	1:1	1:1	1:1	285
Stichopus_monotuberculatus	chr4	Branchiostoma_floridae	NC_049981.1	1:2	2:1	n:m	115
Stichopus_monotuberculatus	chr4	Branchiostoma_floridae	NC_049994.1	1:2	1:1	n:1	163
Stichopus_monotuberculatus	chr2	Branchiostoma_floridae	NC_049993.1	1:1	1:1	1:1	249
Stichopus_monotuberculatus	chr21	Branchiostoma_floridae	NC_049987.1	1:1	1:1	1:1	229
Stichopus_monotuberculatus	chr22	Branchiostoma_floridae	NC_049986.1	1:1	1:1	1:1	258
Stichopus_monotuberculatus	chr13	Branchiostoma_floridae	NC_049980.1	1:1	2:1	1:n	295
Stichopus_monotuberculatus	chr10	Branchiostoma_floridae	NC_049990.1	1:1	1:1	1:1	226
Stichopus_monotuberculatus	chr18	Branchiostoma_floridae	NC_049988.1	1:1	1:1	1:1	193
Stichopus_monotuberculatus	chr11	Branchiostoma_floridae	NC_049992.1	1:1	1:1	1:1	204
Stichopus_monotuberculatus	chr6	Branchiostoma_floridae	NC_049981.1	1:1	2:1	1:n	184
Stichopus_monotuberculatus	chr17	Branchiostoma_floridae	NC_049995.1	1:1	1:1	1:1	148
Stichopus_monotuberculatus	chr23	Branchiostoma_floridae	NC_049996.1	1:1	1:1	1:1	132
Stichopus_monotuberculatus	chr9	Branchiostoma_floridae	NC_049980.1	1:1	2:1	1:n	161
Stichopus_monotuberculatus	chr7	Branchiostoma_floridae	NC_049982.1	1:1	2:1	1:n	140
Stichopus_monotuberculatus	chr1	Branchiostoma_floridae	NC_049997.1	1:1	1:1	1:1	93
Stichopus_monotuberculatus	chr8	Pecten_maximus	NC_047017.1	1:1	1:1	1:1	606
Stichopus_monotuberculatus	chr3	Pecten_maximus	NC_047025.1	1:1	1:1	1:1	395
Stichopus_monotuberculatus	chr20	Pecten_maximus	NC_047021.1	1:1	1:1	1:1	391
Stichopus_monotuberculatus	chr15	Pecten_maximus	NC_047022.1	1:1	1:1	1:1	370
Stichopus_monotuberculatus	chr19	Pecten_maximus	NC_047015.1	1:1	2:1	1:n	378
Stichopus_monotuberculatus	chr5	Pecten_maximus	NC_047026.1	1:1	1:1	1:1	307
Stichopus_monotuberculatus	chr14	Pecten_maximus	NC_047020.1	1:1	1:1	1:1	309
Stichopus_monotuberculatus	chr4	Pecten_maximus	NC_047016.1	1:2	2:1	n:m	160
Stichopus_monotuberculatus	chr4	Pecten_maximus	NC_047031.1	1:2	1:1	n:1	112
Stichopus_monotuberculatus	chr2	Pecten_maximus	NC_047018.1	1:1	2:1	1:n	296
Stichopus_monotuberculatus	chr21	Pecten_maximus	NC_047019.1	1:1	2:1	1:n	269
Stichopus_monotuberculatus	chr22	Pecten_maximus	NC_047016.1	1:1	2:1	1:n	254
Stichopus_monotuberculatus	chr13	Pecten_maximus	NC_047023.1	1:1	1:1	1:1	314
Stichopus_monotuberculatus	chr10	Pecten_maximus	NC_047028.1	1:1	1:1	1:1	227
Stichopus_monotuberculatus	chr18	Pecten_maximus	NC_047029.1	1:1	1:1	1:1	228
Stichopus_monotuberculatus	chr11	Pecten_maximus	NC_047030.1	1:1	1:1	1:1	206
Stichopus_monotuberculatus	chr6	Pecten_maximus	NC_047015.1	1:1	2:1	1:n	194
Stichopus_monotuberculatus	chr17	Pecten_maximus	NC_047032.1	1:1	1:1	1:1	182
Stichopus_monotuberculatus	chr23	Pecten_maximus	NC_047033.1	1:1	1:1	1:1	138
Stichopus_monotuberculatus	chr9	Pecten_maximus	NC_047018.1	1:1	2:1	1:n	180
Stichopus_monotuberculatus	chr7	Pecten_maximus	NC_047024.1	1:1	2:1	1:n	166
Stichopus_monotuberculatus	chr12	Pecten_maximus	NC_047027.1	1:1	1:1	1:1	105
Stichopus_monotuberculatus	chr1	Pecten_maximus	NC_047019.1	1:1	2:1	1:n	134
Stichopus_monotuberculatus	chr16	Pecten_maximus	NC_047024.1	1:1	2:1	1:n	133
Stichopus_monotuberculatus	chr8	Holothuria_sanctori	OZ199581.1	1:1	1:1	1:1	984
Stichopus_monotuberculatus	chr3	Holothuria_sanctori	OZ199585.1	1:1	1:1	1:1	666
Stichopus_monotuberculatus	chr20	Holothuria_sanctori	OZ199584.1	1:1	1:1	1:1	676
Stichopus_monotuberculatus	chr15	Holothuria_sanctori	OZ199583.1	1:1	1:1	1:1	610
Stichopus_monotuberculatus	chr19	Holothuria_sanctori	OZ199589.1	1:1	1:1	1:1	643
Stichopus_monotuberculatus	chr5	Holothuria_sanctori	OZ199594.1	1:1	1:1	1:1	530
Stichopus_monotuberculatus	chr14	Holothuria_sanctori	OZ199596.1	1:1	1:1	1:1	508
Stichopus_monotuberculatus	chr4	Holothuria_sanctori	OZ199587.1	1:1	1:1	1:1	524
Stichopus_monotuberculatus	chr2	Holothuria_sanctori	OZ199586.1	1:1	1:1	1:1	515
Stichopus_monotuberculatus	chr21	Holothuria_sanctori	OZ199591.1	1:1	1:1	1:1	469
Stichopus_monotuberculatus	chr22	Holothuria_sanctori	OZ199588.1	1:1	1:1	1:1	468
Stichopus_monotuberculatus	chr13	Holothuria_sanctori	OZ199590.1	1:1	1:1	1:1	556
Stichopus_monotuberculatus	chr10	Holothuria_sanctori	OZ199595.1	1:1	1:1	1:1	440
Stichopus_monotuberculatus	chr18	Holothuria_sanctori	OZ199592.1	1:1	1:1	1:1	397
Stichopus_monotuberculatus	chr11	Holothuria_sanctori	OZ199599.1	1:1	1:1	1:1	381
Stichopus_monotuberculatus	chr6	Holothuria_sanctori	OZ199598.1	1:1	1:1	1:1	366
Stichopus_monotuberculatus	chr17	Holothuria_sanctori	OZ199601.1	1:1	1:1	1:1	392
Stichopus_monotuberculatus	chr23	Holothuria_sanctori	OZ199602.1	1:1	1:1	1:1	297
Stichopus_monotuberculatus	chr9	Holothuria_sanctori	OZ199582.1	1:1	1:1	1:1	350
Stichopus_monotuberculatus	chr7	Holothuria_sanctori	OZ199600.1	1:1	1:1	1:1	312
Stichopus_monotuberculatus	chr12	Holothuria_sanctori	OZ199597.1	1:1	1:1	1:1	265
Stichopus_monotuberculatus	chr1	Holothuria_sanctori	OZ199593.1	1:1	1:1	1:1	294
Stichopus_monotuberculatus	chr16	Holothuria_sanctori	OZ199580.1	1:1	1:1	1:1	272
